config_id,config_path,station,tail_weight,episode_gt_aligned_peak_weight,global_loss_type,tail_loss_type,peak_loss_type,head_type,seed,lr,optimizer,weight_decay,epochs,batch_size,gradient_accumulation,history_hours,forecast_horizon_hours,PRIMARY_SELECTOR,SECONDARY_SELECTOR,expected_run_prefix,expected_output_prefix,result_root,run_tag_base,run_dir_name_style,scheduler,amp,amp_dtype,tf32,deterministic,train_ratio,val_ratio,train_q95_percentile,tail_normalization,peak_normalization,global_weight,effective_slope_weight,effective_timing_weight,effective_asymmetric_peak_weight,effective_window_peak_weight,source_g0_config,source_g0_sha256,config_sha256
NCEP_Lewes_G0_T0000_EP0000,/home/exouser/StormSurge/configs/single_tail_episodepeak_4x4/train_config_NCEP_Lewes_G0_T0000_EP0000.sh,Lewes,0.0,0.0,mse,mse,EpisodeGTAlignedPeakMSE,single,42,0.005,Adam,1e-05,300,256,4,24,6,exceedance,overall,NCEP_Lewes_G0_T0000_EP0000__,/home/exouser/media/share/PACT/FormalRuns_0925/single_tail_episodepeak_4x4/NCEP_Lewes_G0_T0000_EP0000__,/home/exouser/media/share/PACT/FormalRuns_0925/single_tail_episodepeak_4x4,NCEP_Lewes_G0_T0000_EP0000,runname_timestamp,cosine,True,bf16,True,0,0.6,0.2,95.0,fixed TRAIN exceedance-hour prevalence,fixed TRAIN canonical peak prevalence J/N,1.0,0.0,0.0,0.0,0.0,/home/exouser/StormSurge/configs/s0_refresh/train_config_NCEP_Lewes_G0_T0.sh,6e4c5df5d278cc4bcbb1d4778c77537b4e9cb1c1db8e01c003c3ebf3100386eb,80657a78dc163fa6912db4b1cd9e40a6a4f669c1d0a808a8c4a10eed99ae266a
NCEP_Lewes_G0_T0000_EP0025,/home/exouser/StormSurge/configs/single_tail_episodepeak_4x4/train_config_NCEP_Lewes_G0_T0000_EP0025.sh,Lewes,0.0,0.0025,mse,mse,EpisodeGTAlignedPeakMSE,single,42,0.005,Adam,1e-05,300,256,4,24,6,exceedance,overall,NCEP_Lewes_G0_T0000_EP0025__,/home/exouser/media/share/PACT/FormalRuns_0925/single_tail_episodepeak_4x4/NCEP_Lewes_G0_T0000_EP0025__,/home/exouser/media/share/PACT/FormalRuns_0925/single_tail_episodepeak_4x4,NCEP_Lewes_G0_T0000_EP0025,runname_timestamp,cosine,True,bf16,True,0,0.6,0.2,95.0,fixed TRAIN exceedance-hour prevalence,fixed TRAIN canonical peak prevalence J/N,1.0,0.0,0.0,0.0,0.0,/home/exouser/StormSurge/configs/s0_refresh/train_config_NCEP_Lewes_G0_T0.sh,6e4c5df5d278cc4bcbb1d4778c77537b4e9cb1c1db8e01c003c3ebf3100386eb,233f91b0e7d0a4c4a6737bfe4e0d108b61bc7396c2aeb5bf971901bf2d04c42e
NCEP_Lewes_G0_T0000_EP0050,/home/exouser/StormSurge/configs/single_tail_episodepeak_4x4/train_config_NCEP_Lewes_G0_T0000_EP0050.sh,Lewes,0.0,0.005,mse,mse,EpisodeGTAlignedPeakMSE,single,42,0.005,Adam,1e-05,300,256,4,24,6,exceedance,overall,NCEP_Lewes_G0_T0000_EP0050__,/home/exouser/media/share/PACT/FormalRuns_0925/single_tail_episodepeak_4x4/NCEP_Lewes_G0_T0000_EP0050__,/home/exouser/media/share/PACT/FormalRuns_0925/single_tail_episodepeak_4x4,NCEP_Lewes_G0_T0000_EP0050,runname_timestamp,cosine,True,bf16,True,0,0.6,0.2,95.0,fixed TRAIN exceedance-hour prevalence,fixed TRAIN canonical peak prevalence J/N,1.0,0.0,0.0,0.0,0.0,/home/exouser/StormSurge/configs/s0_refresh/train_config_NCEP_Lewes_G0_T0.sh,6e4c5df5d278cc4bcbb1d4778c77537b4e9cb1c1db8e01c003c3ebf3100386eb,d6ec5994cd9833832a0ffdebf971df24819831e070abe05b71c987e178486c2f
NCEP_Lewes_G0_T0000_EP0100,/home/exouser/StormSurge/configs/single_tail_episodepeak_4x4/train_config_NCEP_Lewes_G0_T0000_EP0100.sh,Lewes,0.0,0.01,mse,mse,EpisodeGTAlignedPeakMSE,single,42,0.005,Adam,1e-05,300,256,4,24,6,exceedance,overall,NCEP_Lewes_G0_T0000_EP0100__,/home/exouser/media/share/PACT/FormalRuns_0925/single_tail_episodepeak_4x4/NCEP_Lewes_G0_T0000_EP0100__,/home/exouser/media/share/PACT/FormalRuns_0925/single_tail_episodepeak_4x4,NCEP_Lewes_G0_T0000_EP0100,runname_timestamp,cosine,True,bf16,True,0,0.6,0.2,95.0,fixed TRAIN exceedance-hour prevalence,fixed TRAIN canonical peak prevalence J/N,1.0,0.0,0.0,0.0,0.0,/home/exouser/StormSurge/configs/s0_refresh/train_config_NCEP_Lewes_G0_T0.sh,6e4c5df5d278cc4bcbb1d4778c77537b4e9cb1c1db8e01c003c3ebf3100386eb,a43e6baae7d147b53b2c9bac1d28c3e32f0336693b1426bff47a89197c16bd47
NCEP_Lewes_G0_T0125_EP0000,/home/exouser/StormSurge/configs/single_tail_episodepeak_4x4/train_config_NCEP_Lewes_G0_T0125_EP0000.sh,Lewes,0.0125,0.0,mse,mse,EpisodeGTAlignedPeakMSE,single,42,0.005,Adam,1e-05,300,256,4,24,6,exceedance,overall,NCEP_Lewes_G0_T0125_EP0000__,/home/exouser/media/share/PACT/FormalRuns_0925/single_tail_episodepeak_4x4/NCEP_Lewes_G0_T0125_EP0000__,/home/exouser/media/share/PACT/FormalRuns_0925/single_tail_episodepeak_4x4,NCEP_Lewes_G0_T0125_EP0000,runname_timestamp,cosine,True,bf16,True,0,0.6,0.2,95.0,fixed TRAIN exceedance-hour prevalence,fixed TRAIN canonical peak prevalence J/N,1.0,0.0,0.0,0.0,0.0,/home/exouser/StormSurge/configs/s0_refresh/train_config_NCEP_Lewes_G0_T0.sh,6e4c5df5d278cc4bcbb1d4778c77537b4e9cb1c1db8e01c003c3ebf3100386eb,c41e3ed7d7b14954750fd48f7ebbe460f6d1c4903053caa5ae02c0533666c45a
NCEP_Lewes_G0_T0125_EP0025,/home/exouser/StormSurge/configs/single_tail_episodepeak_4x4/train_config_NCEP_Lewes_G0_T0125_EP0025.sh,Lewes,0.0125,0.0025,mse,mse,EpisodeGTAlignedPeakMSE,single,42,0.005,Adam,1e-05,300,256,4,24,6,exceedance,overall,NCEP_Lewes_G0_T0125_EP0025__,/home/exouser/media/share/PACT/FormalRuns_0925/single_tail_episodepeak_4x4/NCEP_Lewes_G0_T0125_EP0025__,/home/exouser/media/share/PACT/FormalRuns_0925/single_tail_episodepeak_4x4,NCEP_Lewes_G0_T0125_EP0025,runname_timestamp,cosine,True,bf16,True,0,0.6,0.2,95.0,fixed TRAIN exceedance-hour prevalence,fixed TRAIN canonical peak prevalence J/N,1.0,0.0,0.0,0.0,0.0,/home/exouser/StormSurge/configs/s0_refresh/train_config_NCEP_Lewes_G0_T0.sh,6e4c5df5d278cc4bcbb1d4778c77537b4e9cb1c1db8e01c003c3ebf3100386eb,2fc698703e3ca5da1870b40d81568b0ebec8029f87e5106dab4b6dc90a945138
NCEP_Lewes_G0_T0125_EP0050,/home/exouser/StormSurge/configs/single_tail_episodepeak_4x4/train_config_NCEP_Lewes_G0_T0125_EP0050.sh,Lewes,0.0125,0.005,mse,mse,EpisodeGTAlignedPeakMSE,single,42,0.005,Adam,1e-05,300,256,4,24,6,exceedance,overall,NCEP_Lewes_G0_T0125_EP0050__,/home/exouser/media/share/PACT/FormalRuns_0925/single_tail_episodepeak_4x4/NCEP_Lewes_G0_T0125_EP0050__,/home/exouser/media/share/PACT/FormalRuns_0925/single_tail_episodepeak_4x4,NCEP_Lewes_G0_T0125_EP0050,runname_timestamp,cosine,True,bf16,True,0,0.6,0.2,95.0,fixed TRAIN exceedance-hour prevalence,fixed TRAIN canonical peak prevalence J/N,1.0,0.0,0.0,0.0,0.0,/home/exouser/StormSurge/configs/s0_refresh/train_config_NCEP_Lewes_G0_T0.sh,6e4c5df5d278cc4bcbb1d4778c77537b4e9cb1c1db8e01c003c3ebf3100386eb,284b3c6a84fee0d99aa50bedc559a20effbfaf8eedd5ff5163354073a4af6c98
NCEP_Lewes_G0_T0125_EP0100,/home/exouser/StormSurge/configs/single_tail_episodepeak_4x4/train_config_NCEP_Lewes_G0_T0125_EP0100.sh,Lewes,0.0125,0.01,mse,mse,EpisodeGTAlignedPeakMSE,single,42,0.005,Adam,1e-05,300,256,4,24,6,exceedance,overall,NCEP_Lewes_G0_T0125_EP0100__,/home/exouser/media/share/PACT/FormalRuns_0925/single_tail_episodepeak_4x4/NCEP_Lewes_G0_T0125_EP0100__,/home/exouser/media/share/PACT/FormalRuns_0925/single_tail_episodepeak_4x4,NCEP_Lewes_G0_T0125_EP0100,runname_timestamp,cosine,True,bf16,True,0,0.6,0.2,95.0,fixed TRAIN exceedance-hour prevalence,fixed TRAIN canonical peak prevalence J/N,1.0,0.0,0.0,0.0,0.0,/home/exouser/StormSurge/configs/s0_refresh/train_config_NCEP_Lewes_G0_T0.sh,6e4c5df5d278cc4bcbb1d4778c77537b4e9cb1c1db8e01c003c3ebf3100386eb,7c5e776ff349c83c538217488356c06ce30a2a844d69f877cb11ac5c3351aa25
NCEP_Lewes_G0_T0250_EP0000,/home/exouser/StormSurge/configs/single_tail_episodepeak_4x4/train_config_NCEP_Lewes_G0_T0250_EP0000.sh,Lewes,0.025,0.0,mse,mse,EpisodeGTAlignedPeakMSE,single,42,0.005,Adam,1e-05,300,256,4,24,6,exceedance,overall,NCEP_Lewes_G0_T0250_EP0000__,/home/exouser/media/share/PACT/FormalRuns_0925/single_tail_episodepeak_4x4/NCEP_Lewes_G0_T0250_EP0000__,/home/exouser/media/share/PACT/FormalRuns_0925/single_tail_episodepeak_4x4,NCEP_Lewes_G0_T0250_EP0000,runname_timestamp,cosine,True,bf16,True,0,0.6,0.2,95.0,fixed TRAIN exceedance-hour prevalence,fixed TRAIN canonical peak prevalence J/N,1.0,0.0,0.0,0.0,0.0,/home/exouser/StormSurge/configs/s0_refresh/train_config_NCEP_Lewes_G0_T0.sh,6e4c5df5d278cc4bcbb1d4778c77537b4e9cb1c1db8e01c003c3ebf3100386eb,77dc3782244ea170861a2b434e063f0f38d033eb37c29d3d495bef7351612e5d
NCEP_Lewes_G0_T0250_EP0025,/home/exouser/StormSurge/configs/single_tail_episodepeak_4x4/train_config_NCEP_Lewes_G0_T0250_EP0025.sh,Lewes,0.025,0.0025,mse,mse,EpisodeGTAlignedPeakMSE,single,42,0.005,Adam,1e-05,300,256,4,24,6,exceedance,overall,NCEP_Lewes_G0_T0250_EP0025__,/home/exouser/media/share/PACT/FormalRuns_0925/single_tail_episodepeak_4x4/NCEP_Lewes_G0_T0250_EP0025__,/home/exouser/media/share/PACT/FormalRuns_0925/single_tail_episodepeak_4x4,NCEP_Lewes_G0_T0250_EP0025,runname_timestamp,cosine,True,bf16,True,0,0.6,0.2,95.0,fixed TRAIN exceedance-hour prevalence,fixed TRAIN canonical peak prevalence J/N,1.0,0.0,0.0,0.0,0.0,/home/exouser/StormSurge/configs/s0_refresh/train_config_NCEP_Lewes_G0_T0.sh,6e4c5df5d278cc4bcbb1d4778c77537b4e9cb1c1db8e01c003c3ebf3100386eb,45b73e7ff387bb8cae53b72282b780e43735a329fc462ad719cb11922e60a59a
NCEP_Lewes_G0_T0250_EP0050,/home/exouser/StormSurge/configs/single_tail_episodepeak_4x4/train_config_NCEP_Lewes_G0_T0250_EP0050.sh,Lewes,0.025,0.005,mse,mse,EpisodeGTAlignedPeakMSE,single,42,0.005,Adam,1e-05,300,256,4,24,6,exceedance,overall,NCEP_Lewes_G0_T0250_EP0050__,/home/exouser/media/share/PACT/FormalRuns_0925/single_tail_episodepeak_4x4/NCEP_Lewes_G0_T0250_EP0050__,/home/exouser/media/share/PACT/FormalRuns_0925/single_tail_episodepeak_4x4,NCEP_Lewes_G0_T0250_EP0050,runname_timestamp,cosine,True,bf16,True,0,0.6,0.2,95.0,fixed TRAIN exceedance-hour prevalence,fixed TRAIN canonical peak prevalence J/N,1.0,0.0,0.0,0.0,0.0,/home/exouser/StormSurge/configs/s0_refresh/train_config_NCEP_Lewes_G0_T0.sh,6e4c5df5d278cc4bcbb1d4778c77537b4e9cb1c1db8e01c003c3ebf3100386eb,2387e01264ea686085b21b77276704ec7ba23a3accc71794f057b35c8fc34cab
NCEP_Lewes_G0_T0250_EP0100,/home/exouser/StormSurge/configs/single_tail_episodepeak_4x4/train_config_NCEP_Lewes_G0_T0250_EP0100.sh,Lewes,0.025,0.01,mse,mse,EpisodeGTAlignedPeakMSE,single,42,0.005,Adam,1e-05,300,256,4,24,6,exceedance,overall,NCEP_Lewes_G0_T0250_EP0100__,/home/exouser/media/share/PACT/FormalRuns_0925/single_tail_episodepeak_4x4/NCEP_Lewes_G0_T0250_EP0100__,/home/exouser/media/share/PACT/FormalRuns_0925/single_tail_episodepeak_4x4,NCEP_Lewes_G0_T0250_EP0100,runname_timestamp,cosine,True,bf16,True,0,0.6,0.2,95.0,fixed TRAIN exceedance-hour prevalence,fixed TRAIN canonical peak prevalence J/N,1.0,0.0,0.0,0.0,0.0,/home/exouser/StormSurge/configs/s0_refresh/train_config_NCEP_Lewes_G0_T0.sh,6e4c5df5d278cc4bcbb1d4778c77537b4e9cb1c1db8e01c003c3ebf3100386eb,ea1c90a4d6b61f0e9a75f959227e0e887338683e492f7655af4d9fee0463c2aa
NCEP_Lewes_G0_T0500_EP0000,/home/exouser/StormSurge/configs/single_tail_episodepeak_4x4/train_config_NCEP_Lewes_G0_T0500_EP0000.sh,Lewes,0.05,0.0,mse,mse,EpisodeGTAlignedPeakMSE,single,42,0.005,Adam,1e-05,300,256,4,24,6,exceedance,overall,NCEP_Lewes_G0_T0500_EP0000__,/home/exouser/media/share/PACT/FormalRuns_0925/single_tail_episodepeak_4x4/NCEP_Lewes_G0_T0500_EP0000__,/home/exouser/media/share/PACT/FormalRuns_0925/single_tail_episodepeak_4x4,NCEP_Lewes_G0_T0500_EP0000,runname_timestamp,cosine,True,bf16,True,0,0.6,0.2,95.0,fixed TRAIN exceedance-hour prevalence,fixed TRAIN canonical peak prevalence J/N,1.0,0.0,0.0,0.0,0.0,/home/exouser/StormSurge/configs/s0_refresh/train_config_NCEP_Lewes_G0_T0.sh,6e4c5df5d278cc4bcbb1d4778c77537b4e9cb1c1db8e01c003c3ebf3100386eb,a0348e4da1634514234b294149daaf5f9d810843d98aa358f492443b90e2fda2
NCEP_Lewes_G0_T0500_EP0025,/home/exouser/StormSurge/configs/single_tail_episodepeak_4x4/train_config_NCEP_Lewes_G0_T0500_EP0025.sh,Lewes,0.05,0.0025,mse,mse,EpisodeGTAlignedPeakMSE,single,42,0.005,Adam,1e-05,300,256,4,24,6,exceedance,overall,NCEP_Lewes_G0_T0500_EP0025__,/home/exouser/media/share/PACT/FormalRuns_0925/single_tail_episodepeak_4x4/NCEP_Lewes_G0_T0500_EP0025__,/home/exouser/media/share/PACT/FormalRuns_0925/single_tail_episodepeak_4x4,NCEP_Lewes_G0_T0500_EP0025,runname_timestamp,cosine,True,bf16,True,0,0.6,0.2,95.0,fixed TRAIN exceedance-hour prevalence,fixed TRAIN canonical peak prevalence J/N,1.0,0.0,0.0,0.0,0.0,/home/exouser/StormSurge/configs/s0_refresh/train_config_NCEP_Lewes_G0_T0.sh,6e4c5df5d278cc4bcbb1d4778c77537b4e9cb1c1db8e01c003c3ebf3100386eb,5a3657447c3c765eebb3dfa9a197b90a68770331dac317b6d33598137988e110
NCEP_Lewes_G0_T0500_EP0050,/home/exouser/StormSurge/configs/single_tail_episodepeak_4x4/train_config_NCEP_Lewes_G0_T0500_EP0050.sh,Lewes,0.05,0.005,mse,mse,EpisodeGTAlignedPeakMSE,single,42,0.005,Adam,1e-05,300,256,4,24,6,exceedance,overall,NCEP_Lewes_G0_T0500_EP0050__,/home/exouser/media/share/PACT/FormalRuns_0925/single_tail_episodepeak_4x4/NCEP_Lewes_G0_T0500_EP0050__,/home/exouser/media/share/PACT/FormalRuns_0925/single_tail_episodepeak_4x4,NCEP_Lewes_G0_T0500_EP0050,runname_timestamp,cosine,True,bf16,True,0,0.6,0.2,95.0,fixed TRAIN exceedance-hour prevalence,fixed TRAIN canonical peak prevalence J/N,1.0,0.0,0.0,0.0,0.0,/home/exouser/StormSurge/configs/s0_refresh/train_config_NCEP_Lewes_G0_T0.sh,6e4c5df5d278cc4bcbb1d4778c77537b4e9cb1c1db8e01c003c3ebf3100386eb,0eb709f932cfea8201f6cd3401cbbc3241cd6c681ef24e2e7ea6bf6810c63b41
NCEP_Lewes_G0_T0500_EP0100,/home/exouser/StormSurge/configs/single_tail_episodepeak_4x4/train_config_NCEP_Lewes_G0_T0500_EP0100.sh,Lewes,0.05,0.01,mse,mse,EpisodeGTAlignedPeakMSE,single,42,0.005,Adam,1e-05,300,256,4,24,6,exceedance,overall,NCEP_Lewes_G0_T0500_EP0100__,/home/exouser/media/share/PACT/FormalRuns_0925/single_tail_episodepeak_4x4/NCEP_Lewes_G0_T0500_EP0100__,/home/exouser/media/share/PACT/FormalRuns_0925/single_tail_episodepeak_4x4,NCEP_Lewes_G0_T0500_EP0100,runname_timestamp,cosine,True,bf16,True,0,0.6,0.2,95.0,fixed TRAIN exceedance-hour prevalence,fixed TRAIN canonical peak prevalence J/N,1.0,0.0,0.0,0.0,0.0,/home/exouser/StormSurge/configs/s0_refresh/train_config_NCEP_Lewes_G0_T0.sh,6e4c5df5d278cc4bcbb1d4778c77537b4e9cb1c1db8e01c003c3ebf3100386eb,d9140f92ada6f7978166c21f5860737206b49a7d9ab1766e73508df3c603f93b
NCEP_Boston_G0_T0000_EP0000,/home/exouser/StormSurge/configs/single_tail_episodepeak_4x4/train_config_NCEP_Boston_G0_T0000_EP0000.sh,Boston,0.0,0.0,mse,mse,EpisodeGTAlignedPeakMSE,single,42,0.005,Adam,1e-05,300,256,4,24,6,exceedance,overall,NCEP_Boston_G0_T0000_EP0000__,/home/exouser/media/share/PACT/FormalRuns_0925/single_tail_episodepeak_4x4/NCEP_Boston_G0_T0000_EP0000__,/home/exouser/media/share/PACT/FormalRuns_0925/single_tail_episodepeak_4x4,NCEP_Boston_G0_T0000_EP0000,runname_timestamp,cosine,True,bf16,True,0,0.6,0.2,95.0,fixed TRAIN exceedance-hour prevalence,fixed TRAIN canonical peak prevalence J/N,1.0,0.0,0.0,0.0,0.0,/home/exouser/StormSurge/configs/s0_refresh/train_config_NCEP_Boston_G0_T0.sh,b91a6848aaf12064289a874a3561ecc57efa2c0c2945c771f3a2c7322fadce31,2a7aed2bdbff49aa641ade38188c2eab011e0658a593688a684f98318ee09ca1
NCEP_Boston_G0_T0000_EP0025,/home/exouser/StormSurge/configs/single_tail_episodepeak_4x4/train_config_NCEP_Boston_G0_T0000_EP0025.sh,Boston,0.0,0.0025,mse,mse,EpisodeGTAlignedPeakMSE,single,42,0.005,Adam,1e-05,300,256,4,24,6,exceedance,overall,NCEP_Boston_G0_T0000_EP0025__,/home/exouser/media/share/PACT/FormalRuns_0925/single_tail_episodepeak_4x4/NCEP_Boston_G0_T0000_EP0025__,/home/exouser/media/share/PACT/FormalRuns_0925/single_tail_episodepeak_4x4,NCEP_Boston_G0_T0000_EP0025,runname_timestamp,cosine,True,bf16,True,0,0.6,0.2,95.0,fixed TRAIN exceedance-hour prevalence,fixed TRAIN canonical peak prevalence J/N,1.0,0.0,0.0,0.0,0.0,/home/exouser/StormSurge/configs/s0_refresh/train_config_NCEP_Boston_G0_T0.sh,b91a6848aaf12064289a874a3561ecc57efa2c0c2945c771f3a2c7322fadce31,677073a65633b39d4ca885e6226aedde8f954cd688ee98fd766f0abc5d147f02
NCEP_Boston_G0_T0000_EP0050,/home/exouser/StormSurge/configs/single_tail_episodepeak_4x4/train_config_NCEP_Boston_G0_T0000_EP0050.sh,Boston,0.0,0.005,mse,mse,EpisodeGTAlignedPeakMSE,single,42,0.005,Adam,1e-05,300,256,4,24,6,exceedance,overall,NCEP_Boston_G0_T0000_EP0050__,/home/exouser/media/share/PACT/FormalRuns_0925/single_tail_episodepeak_4x4/NCEP_Boston_G0_T0000_EP0050__,/home/exouser/media/share/PACT/FormalRuns_0925/single_tail_episodepeak_4x4,NCEP_Boston_G0_T0000_EP0050,runname_timestamp,cosine,True,bf16,True,0,0.6,0.2,95.0,fixed TRAIN exceedance-hour prevalence,fixed TRAIN canonical peak prevalence J/N,1.0,0.0,0.0,0.0,0.0,/home/exouser/StormSurge/configs/s0_refresh/train_config_NCEP_Boston_G0_T0.sh,b91a6848aaf12064289a874a3561ecc57efa2c0c2945c771f3a2c7322fadce31,6746e1cf67ba6c8e5fd99c5beead63ca8afa233dcd97e8f874b7d46882442814
NCEP_Boston_G0_T0000_EP0100,/home/exouser/StormSurge/configs/single_tail_episodepeak_4x4/train_config_NCEP_Boston_G0_T0000_EP0100.sh,Boston,0.0,0.01,mse,mse,EpisodeGTAlignedPeakMSE,single,42,0.005,Adam,1e-05,300,256,4,24,6,exceedance,overall,NCEP_Boston_G0_T0000_EP0100__,/home/exouser/media/share/PACT/FormalRuns_0925/single_tail_episodepeak_4x4/NCEP_Boston_G0_T0000_EP0100__,/home/exouser/media/share/PACT/FormalRuns_0925/single_tail_episodepeak_4x4,NCEP_Boston_G0_T0000_EP0100,runname_timestamp,cosine,True,bf16,True,0,0.6,0.2,95.0,fixed TRAIN exceedance-hour prevalence,fixed TRAIN canonical peak prevalence J/N,1.0,0.0,0.0,0.0,0.0,/home/exouser/StormSurge/configs/s0_refresh/train_config_NCEP_Boston_G0_T0.sh,b91a6848aaf12064289a874a3561ecc57efa2c0c2945c771f3a2c7322fadce31,ec21eeee3823b78bf92f8137c4ff345d38819fe89ae1ec09b31327008710d357
NCEP_Boston_G0_T0125_EP0000,/home/exouser/StormSurge/configs/single_tail_episodepeak_4x4/train_config_NCEP_Boston_G0_T0125_EP0000.sh,Boston,0.0125,0.0,mse,mse,EpisodeGTAlignedPeakMSE,single,42,0.005,Adam,1e-05,300,256,4,24,6,exceedance,overall,NCEP_Boston_G0_T0125_EP0000__,/home/exouser/media/share/PACT/FormalRuns_0925/single_tail_episodepeak_4x4/NCEP_Boston_G0_T0125_EP0000__,/home/exouser/media/share/PACT/FormalRuns_0925/single_tail_episodepeak_4x4,NCEP_Boston_G0_T0125_EP0000,runname_timestamp,cosine,True,bf16,True,0,0.6,0.2,95.0,fixed TRAIN exceedance-hour prevalence,fixed TRAIN canonical peak prevalence J/N,1.0,0.0,0.0,0.0,0.0,/home/exouser/StormSurge/configs/s0_refresh/train_config_NCEP_Boston_G0_T0.sh,b91a6848aaf12064289a874a3561ecc57efa2c0c2945c771f3a2c7322fadce31,3e28766d3544fe388ebf2db431cc708e99ae8aba9761cd4dac6ae75debf8fbd1
NCEP_Boston_G0_T0125_EP0025,/home/exouser/StormSurge/configs/single_tail_episodepeak_4x4/train_config_NCEP_Boston_G0_T0125_EP0025.sh,Boston,0.0125,0.0025,mse,mse,EpisodeGTAlignedPeakMSE,single,42,0.005,Adam,1e-05,300,256,4,24,6,exceedance,overall,NCEP_Boston_G0_T0125_EP0025__,/home/exouser/media/share/PACT/FormalRuns_0925/single_tail_episodepeak_4x4/NCEP_Boston_G0_T0125_EP0025__,/home/exouser/media/share/PACT/FormalRuns_0925/single_tail_episodepeak_4x4,NCEP_Boston_G0_T0125_EP0025,runname_timestamp,cosine,True,bf16,True,0,0.6,0.2,95.0,fixed TRAIN exceedance-hour prevalence,fixed TRAIN canonical peak prevalence J/N,1.0,0.0,0.0,0.0,0.0,/home/exouser/StormSurge/configs/s0_refresh/train_config_NCEP_Boston_G0_T0.sh,b91a6848aaf12064289a874a3561ecc57efa2c0c2945c771f3a2c7322fadce31,fa7caa3b1186807dca6abf0157395928ef3bca6ab40eefb21084b92610b506d7
NCEP_Boston_G0_T0125_EP0050,/home/exouser/StormSurge/configs/single_tail_episodepeak_4x4/train_config_NCEP_Boston_G0_T0125_EP0050.sh,Boston,0.0125,0.005,mse,mse,EpisodeGTAlignedPeakMSE,single,42,0.005,Adam,1e-05,300,256,4,24,6,exceedance,overall,NCEP_Boston_G0_T0125_EP0050__,/home/exouser/media/share/PACT/FormalRuns_0925/single_tail_episodepeak_4x4/NCEP_Boston_G0_T0125_EP0050__,/home/exouser/media/share/PACT/FormalRuns_0925/single_tail_episodepeak_4x4,NCEP_Boston_G0_T0125_EP0050,runname_timestamp,cosine,True,bf16,True,0,0.6,0.2,95.0,fixed TRAIN exceedance-hour prevalence,fixed TRAIN canonical peak prevalence J/N,1.0,0.0,0.0,0.0,0.0,/home/exouser/StormSurge/configs/s0_refresh/train_config_NCEP_Boston_G0_T0.sh,b91a6848aaf12064289a874a3561ecc57efa2c0c2945c771f3a2c7322fadce31,d3914b78c88dbf17f7053cbe2dcdb2bbf36e1e21d358c0024df3256eb776434e
NCEP_Boston_G0_T0125_EP0100,/home/exouser/StormSurge/configs/single_tail_episodepeak_4x4/train_config_NCEP_Boston_G0_T0125_EP0100.sh,Boston,0.0125,0.01,mse,mse,EpisodeGTAlignedPeakMSE,single,42,0.005,Adam,1e-05,300,256,4,24,6,exceedance,overall,NCEP_Boston_G0_T0125_EP0100__,/home/exouser/media/share/PACT/FormalRuns_0925/single_tail_episodepeak_4x4/NCEP_Boston_G0_T0125_EP0100__,/home/exouser/media/share/PACT/FormalRuns_0925/single_tail_episodepeak_4x4,NCEP_Boston_G0_T0125_EP0100,runname_timestamp,cosine,True,bf16,True,0,0.6,0.2,95.0,fixed TRAIN exceedance-hour prevalence,fixed TRAIN canonical peak prevalence J/N,1.0,0.0,0.0,0.0,0.0,/home/exouser/StormSurge/configs/s0_refresh/train_config_NCEP_Boston_G0_T0.sh,b91a6848aaf12064289a874a3561ecc57efa2c0c2945c771f3a2c7322fadce31,02a8608d6f089920598fc7bfda4a91e52482571d79e809c6846e91ef40e69ec1
NCEP_Boston_G0_T0250_EP0000,/home/exouser/StormSurge/configs/single_tail_episodepeak_4x4/train_config_NCEP_Boston_G0_T0250_EP0000.sh,Boston,0.025,0.0,mse,mse,EpisodeGTAlignedPeakMSE,single,42,0.005,Adam,1e-05,300,256,4,24,6,exceedance,overall,NCEP_Boston_G0_T0250_EP0000__,/home/exouser/media/share/PACT/FormalRuns_0925/single_tail_episodepeak_4x4/NCEP_Boston_G0_T0250_EP0000__,/home/exouser/media/share/PACT/FormalRuns_0925/single_tail_episodepeak_4x4,NCEP_Boston_G0_T0250_EP0000,runname_timestamp,cosine,True,bf16,True,0,0.6,0.2,95.0,fixed TRAIN exceedance-hour prevalence,fixed TRAIN canonical peak prevalence J/N,1.0,0.0,0.0,0.0,0.0,/home/exouser/StormSurge/configs/s0_refresh/train_config_NCEP_Boston_G0_T0.sh,b91a6848aaf12064289a874a3561ecc57efa2c0c2945c771f3a2c7322fadce31,42d32a344e6c0520f93640a09b2ed00f8bb449ad8df3d0f9d76aadc9707d2dd4
NCEP_Boston_G0_T0250_EP0025,/home/exouser/StormSurge/configs/single_tail_episodepeak_4x4/train_config_NCEP_Boston_G0_T0250_EP0025.sh,Boston,0.025,0.0025,mse,mse,EpisodeGTAlignedPeakMSE,single,42,0.005,Adam,1e-05,300,256,4,24,6,exceedance,overall,NCEP_Boston_G0_T0250_EP0025__,/home/exouser/media/share/PACT/FormalRuns_0925/single_tail_episodepeak_4x4/NCEP_Boston_G0_T0250_EP0025__,/home/exouser/media/share/PACT/FormalRuns_0925/single_tail_episodepeak_4x4,NCEP_Boston_G0_T0250_EP0025,runname_timestamp,cosine,True,bf16,True,0,0.6,0.2,95.0,fixed TRAIN exceedance-hour prevalence,fixed TRAIN canonical peak prevalence J/N,1.0,0.0,0.0,0.0,0.0,/home/exouser/StormSurge/configs/s0_refresh/train_config_NCEP_Boston_G0_T0.sh,b91a6848aaf12064289a874a3561ecc57efa2c0c2945c771f3a2c7322fadce31,850c238198320dae4721ad28862ea51136857a057d76579d588ba7ec42561a52
NCEP_Boston_G0_T0250_EP0050,/home/exouser/StormSurge/configs/single_tail_episodepeak_4x4/train_config_NCEP_Boston_G0_T0250_EP0050.sh,Boston,0.025,0.005,mse,mse,EpisodeGTAlignedPeakMSE,single,42,0.005,Adam,1e-05,300,256,4,24,6,exceedance,overall,NCEP_Boston_G0_T0250_EP0050__,/home/exouser/media/share/PACT/FormalRuns_0925/single_tail_episodepeak_4x4/NCEP_Boston_G0_T0250_EP0050__,/home/exouser/media/share/PACT/FormalRuns_0925/single_tail_episodepeak_4x4,NCEP_Boston_G0_T0250_EP0050,runname_timestamp,cosine,True,bf16,True,0,0.6,0.2,95.0,fixed TRAIN exceedance-hour prevalence,fixed TRAIN canonical peak prevalence J/N,1.0,0.0,0.0,0.0,0.0,/home/exouser/StormSurge/configs/s0_refresh/train_config_NCEP_Boston_G0_T0.sh,b91a6848aaf12064289a874a3561ecc57efa2c0c2945c771f3a2c7322fadce31,5aa5bc3b28bfca4b169aadfda1eee81a1dc1e15dd67eb6a756c55c52a12fa245
NCEP_Boston_G0_T0250_EP0100,/home/exouser/StormSurge/configs/single_tail_episodepeak_4x4/train_config_NCEP_Boston_G0_T0250_EP0100.sh,Boston,0.025,0.01,mse,mse,EpisodeGTAlignedPeakMSE,single,42,0.005,Adam,1e-05,300,256,4,24,6,exceedance,overall,NCEP_Boston_G0_T0250_EP0100__,/home/exouser/media/share/PACT/FormalRuns_0925/single_tail_episodepeak_4x4/NCEP_Boston_G0_T0250_EP0100__,/home/exouser/media/share/PACT/FormalRuns_0925/single_tail_episodepeak_4x4,NCEP_Boston_G0_T0250_EP0100,runname_timestamp,cosine,True,bf16,True,0,0.6,0.2,95.0,fixed TRAIN exceedance-hour prevalence,fixed TRAIN canonical peak prevalence J/N,1.0,0.0,0.0,0.0,0.0,/home/exouser/StormSurge/configs/s0_refresh/train_config_NCEP_Boston_G0_T0.sh,b91a6848aaf12064289a874a3561ecc57efa2c0c2945c771f3a2c7322fadce31,b36f7eeb7d181e81d4d03c79ccc5d827d190e2bdbfd18f444fb465516e8b3195
NCEP_Boston_G0_T0500_EP0000,/home/exouser/StormSurge/configs/single_tail_episodepeak_4x4/train_config_NCEP_Boston_G0_T0500_EP0000.sh,Boston,0.05,0.0,mse,mse,EpisodeGTAlignedPeakMSE,single,42,0.005,Adam,1e-05,300,256,4,24,6,exceedance,overall,NCEP_Boston_G0_T0500_EP0000__,/home/exouser/media/share/PACT/FormalRuns_0925/single_tail_episodepeak_4x4/NCEP_Boston_G0_T0500_EP0000__,/home/exouser/media/share/PACT/FormalRuns_0925/single_tail_episodepeak_4x4,NCEP_Boston_G0_T0500_EP0000,runname_timestamp,cosine,True,bf16,True,0,0.6,0.2,95.0,fixed TRAIN exceedance-hour prevalence,fixed TRAIN canonical peak prevalence J/N,1.0,0.0,0.0,0.0,0.0,/home/exouser/StormSurge/configs/s0_refresh/train_config_NCEP_Boston_G0_T0.sh,b91a6848aaf12064289a874a3561ecc57efa2c0c2945c771f3a2c7322fadce31,619dee824fcd1b79adaba632a01519095294bfbd49c0e76798c382c858c3f9d1
NCEP_Boston_G0_T0500_EP0025,/home/exouser/StormSurge/configs/single_tail_episodepeak_4x4/train_config_NCEP_Boston_G0_T0500_EP0025.sh,Boston,0.05,0.0025,mse,mse,EpisodeGTAlignedPeakMSE,single,42,0.005,Adam,1e-05,300,256,4,24,6,exceedance,overall,NCEP_Boston_G0_T0500_EP0025__,/home/exouser/media/share/PACT/FormalRuns_0925/single_tail_episodepeak_4x4/NCEP_Boston_G0_T0500_EP0025__,/home/exouser/media/share/PACT/FormalRuns_0925/single_tail_episodepeak_4x4,NCEP_Boston_G0_T0500_EP0025,runname_timestamp,cosine,True,bf16,True,0,0.6,0.2,95.0,fixed TRAIN exceedance-hour prevalence,fixed TRAIN canonical peak prevalence J/N,1.0,0.0,0.0,0.0,0.0,/home/exouser/StormSurge/configs/s0_refresh/train_config_NCEP_Boston_G0_T0.sh,b91a6848aaf12064289a874a3561ecc57efa2c0c2945c771f3a2c7322fadce31,66289e96d792bf76873aeb37ae4e3daa77314c5fabcdc3c5be20a6c7a076c55f
NCEP_Boston_G0_T0500_EP0050,/home/exouser/StormSurge/configs/single_tail_episodepeak_4x4/train_config_NCEP_Boston_G0_T0500_EP0050.sh,Boston,0.05,0.005,mse,mse,EpisodeGTAlignedPeakMSE,single,42,0.005,Adam,1e-05,300,256,4,24,6,exceedance,overall,NCEP_Boston_G0_T0500_EP0050__,/home/exouser/media/share/PACT/FormalRuns_0925/single_tail_episodepeak_4x4/NCEP_Boston_G0_T0500_EP0050__,/home/exouser/media/share/PACT/FormalRuns_0925/single_tail_episodepeak_4x4,NCEP_Boston_G0_T0500_EP0050,runname_timestamp,cosine,True,bf16,True,0,0.6,0.2,95.0,fixed TRAIN exceedance-hour prevalence,fixed TRAIN canonical peak prevalence J/N,1.0,0.0,0.0,0.0,0.0,/home/exouser/StormSurge/configs/s0_refresh/train_config_NCEP_Boston_G0_T0.sh,b91a6848aaf12064289a874a3561ecc57efa2c0c2945c771f3a2c7322fadce31,918c203f03114d3c3041b8540897ada895e2c6fcc72316438f31e4a816854a6e
NCEP_Boston_G0_T0500_EP0100,/home/exouser/StormSurge/configs/single_tail_episodepeak_4x4/train_config_NCEP_Boston_G0_T0500_EP0100.sh,Boston,0.05,0.01,mse,mse,EpisodeGTAlignedPeakMSE,single,42,0.005,Adam,1e-05,300,256,4,24,6,exceedance,overall,NCEP_Boston_G0_T0500_EP0100__,/home/exouser/media/share/PACT/FormalRuns_0925/single_tail_episodepeak_4x4/NCEP_Boston_G0_T0500_EP0100__,/home/exouser/media/share/PACT/FormalRuns_0925/single_tail_episodepeak_4x4,NCEP_Boston_G0_T0500_EP0100,runname_timestamp,cosine,True,bf16,True,0,0.6,0.2,95.0,fixed TRAIN exceedance-hour prevalence,fixed TRAIN canonical peak prevalence J/N,1.0,0.0,0.0,0.0,0.0,/home/exouser/StormSurge/configs/s0_refresh/train_config_NCEP_Boston_G0_T0.sh,b91a6848aaf12064289a874a3561ecc57efa2c0c2945c771f3a2c7322fadce31,707e98e8648e9bb5b5ca00c7c694614c63b133183e89341a5ac563648f498bb2
