path,status,original_sha256,current_sha256,original_lines,current_lines
.gitignore,modified,7e8db6e1da5d9221d05fe22e9927fb7b856bf9223c7152f3bc55c637b93eb870,7157f7a333fedf0f27f93a336977ccdc56b76129ed4692de0536f30416681ba5,52,49
DUAL_HEAD_EXPLAINED.md,added,,5ac6ccb6f56f38f04ab14190f495b67d537674832b0270f16fe34a0a0fa8e13e,0,183
LICENSE,unchanged,2413ccd32f7bdd06ced42807f7e3df326bb99f6a76447269aaca64693e5ce587,2413ccd32f7bdd06ced42807f7e3df326bb99f6a76447269aaca64693e5ce587,21,21
README.md,modified,636d97a02975bde02bc9c3986e4f9247a81ecf6dc721906b94473e3f7a8239e1,88a50a556a9adce4f3481ef30f4f98002dc19b35d5ef17583fc0dfd84be481c4,483,132
STABILITY_AND_DUAL_HEAD.md,added,,3f220907bd44104e7f054cca53ba51aec7f1b83ae7a641820f78e7f5615a3630,0,40
changelog.md,deleted,19f7a53c22ce8e0ff38b10e6b275f60a9478f25a17a50ff00797a93ca9c959b6,,108,0
configs/configs_infer/infer_config_AWI.sh,unchanged,fbca1701f7f257d544a6f9f332c83c374a3af0b5fe28a30cb43877eb928a9988,fbca1701f7f257d544a6f9f332c83c374a3af0b5fe28a30cb43877eb928a9988,11,11
configs/configs_infer/infer_config_CNRM.sh,unchanged,6606332be6b3c50dfadd445e30e0b48dbc6dfc7666e930c6dcbb926e49f02a18,6606332be6b3c50dfadd445e30e0b48dbc6dfc7666e930c6dcbb926e49f02a18,11,11
configs/configs_infer/infer_config_EC_EARTH.sh,unchanged,ef1b25a70cdb47719177eebd07b56c992036c99efdaaf942056ab1d9087b9ffd,ef1b25a70cdb47719177eebd07b56c992036c99efdaaf942056ab1d9087b9ffd,11,11
configs/configs_infer/infer_config_MPI.sh,unchanged,b7863c71f0e70663447da6db9abdf90be2549156659655ed2460c3f452531495,b7863c71f0e70663447da6db9abdf90be2549156659655ed2460c3f452531495,11,11
configs/configs_infer/infer_config_MRI.sh,unchanged,a45b90e8b494dca83bdbe74a5249f6daadaebbcd6c0390f50c7bc2c7bbf7a06a,a45b90e8b494dca83bdbe74a5249f6daadaebbcd6c0390f50c7bc2c7bbf7a06a,11,11
configs/configs_infer/infer_config_NCEP.sh,unchanged,f492833496ff1cb675db5e10df0a406098820826d7f09439139d0b1531df46fa,f492833496ff1cb675db5e10df0a406098820826d7f09439139d0b1531df46fa,11,11
configs/configs_infer/infer_config_common.sh,unchanged,9f359d8c53fff7c7b3c64be4f34aff7dc9c690922abdf223b70576dc838f97aa,9f359d8c53fff7c7b3c64be4f34aff7dc9c690922abdf223b70576dc838f97aa,40,40
configs/configs_infer/infer_multi_config_AWI.sh,unchanged,cdbd32b4c939c12c9339a0c5f795ebecbd662c2c2cad693d7d245d36c8a2d229,cdbd32b4c939c12c9339a0c5f795ebecbd662c2c2cad693d7d245d36c8a2d229,17,17
configs/configs_infer/infer_multi_config_CNRM.sh,unchanged,92d863c948fd2d9cfc4440d135ef9dc68bb86eb90f184003e58d2fad2be235b5,92d863c948fd2d9cfc4440d135ef9dc68bb86eb90f184003e58d2fad2be235b5,17,17
configs/configs_infer/infer_multi_config_EC_EARTH.sh,unchanged,b4158fb4ce8a4be284307e6e2a0740e283de97284a762d37512e7c3c18d5abe5,b4158fb4ce8a4be284307e6e2a0740e283de97284a762d37512e7c3c18d5abe5,17,17
configs/configs_infer/infer_multi_config_MPI.sh,unchanged,f8922f0bb49e8ce2a20076f70497f78d1366ac337615567017cdd81341bc4dfc,f8922f0bb49e8ce2a20076f70497f78d1366ac337615567017cdd81341bc4dfc,17,17
configs/configs_infer/infer_multi_config_MRI.sh,unchanged,39259801524c73595b493264576d6388dbdc9e134328031084184773902b8d80,39259801524c73595b493264576d6388dbdc9e134328031084184773902b8d80,17,17
configs/configs_infer/infer_multi_config_NCEP.sh,unchanged,5d4f3a2fb5ab0d9dd6f414eebfe127fee335eb48fed1f9346a7cc4af00c88791,5d4f3a2fb5ab0d9dd6f414eebfe127fee335eb48fed1f9346a7cc4af00c88791,17,17
configs/configs_train/AWI/train_config_AWI_Battery_Baseline_0h.sh,unchanged,2f0bce9faa2e11c51f2a9ad49e4a60ea0fb5b240f8bf593776bae38ee389b44e,2f0bce9faa2e11c51f2a9ad49e4a60ea0fb5b240f8bf593776bae38ee389b44e,8,8
configs/configs_train/AWI/train_config_AWI_Battery_Baseline_12h.sh,unchanged,5741051bdcaa9d0f239a4ca94096b251971fa24c848ea6d5fa59f23c8c93e9f7,5741051bdcaa9d0f239a4ca94096b251971fa24c848ea6d5fa59f23c8c93e9f7,8,8
configs/configs_train/AWI/train_config_AWI_Battery_P3_Base.sh,unchanged,c8890f89d4ea246223885dc684b85849bb71b4807c863a35a13b971f6a988557,c8890f89d4ea246223885dc684b85849bb71b4807c863a35a13b971f6a988557,8,8
configs/configs_train/AWI/train_config_AWI_Battery_P3_Base_PastOnly.sh,unchanged,9c29a9197659ca9e943011ea7a07b0423b38057faa80008eb72cdd7f25925471,9c29a9197659ca9e943011ea7a07b0423b38057faa80008eb72cdd7f25925471,8,8
configs/configs_train/AWI/train_config_AWI_Battery_P3_Best.sh,unchanged,35bc4856ba4dbadb708873fb4d214a8ea7d967df91acdec26570acc055645b1a,35bc4856ba4dbadb708873fb4d214a8ea7d967df91acdec26570acc055645b1a,9,9
configs/configs_train/AWI/train_config_AWI_Battery_P3_Best_FutureOnly.sh,unchanged,e89ac44f94e90bada965c77741867bf5adc35abd562622df763514e289c070a0,e89ac44f94e90bada965c77741867bf5adc35abd562622df763514e289c070a0,12,12
configs/configs_train/AWI/train_config_AWI_Battery_P3_Best_PastOnly.sh,unchanged,8bd7c39879b5e1baaf1cca1f0bb4ba6b9426b5fdface4894e4c082f07b25a013,8bd7c39879b5e1baaf1cca1f0bb4ba6b9426b5fdface4894e4c082f07b25a013,9,9
configs/configs_train/AWI/train_config_AWI_Battery_P3_Best_shuffle.sh,unchanged,21df9ea823bddbf7003fc2f060b6db8a3b967bde27ef4c847217e188c5699b4b,21df9ea823bddbf7003fc2f060b6db8a3b967bde27ef4c847217e188c5699b4b,10,10
configs/configs_train/CNRM/train_config_CNRM_Battery_Baseline_0h.sh,unchanged,6addd14df1c265e00efa34a10595149f459a4d22cf53a8cab0db8df365b8ff28,6addd14df1c265e00efa34a10595149f459a4d22cf53a8cab0db8df365b8ff28,8,8
configs/configs_train/CNRM/train_config_CNRM_Battery_Baseline_12h.sh,unchanged,c3aa87a59a334283000733f92d8dac3be715f47ad2222ca20d2fa73e777f1a9a,c3aa87a59a334283000733f92d8dac3be715f47ad2222ca20d2fa73e777f1a9a,8,8
configs/configs_train/CNRM/train_config_CNRM_Battery_P3_Base.sh,unchanged,da52b68f9fdb98863b586851bc63da0863d6b66d80da6fc3dea58da3a6b16f23,da52b68f9fdb98863b586851bc63da0863d6b66d80da6fc3dea58da3a6b16f23,8,8
configs/configs_train/CNRM/train_config_CNRM_Battery_P3_Base_PastOnly.sh,unchanged,45607ef0a93b76ac24cb9320eca5a86208a7d2f9b391836364d6b959dc7d766a,45607ef0a93b76ac24cb9320eca5a86208a7d2f9b391836364d6b959dc7d766a,8,8
configs/configs_train/CNRM/train_config_CNRM_Battery_P3_Best.sh,unchanged,48ef17b98c254c186c09c4876c3651890e0101b8ddf863f8c08e9d10f78a6730,48ef17b98c254c186c09c4876c3651890e0101b8ddf863f8c08e9d10f78a6730,9,9
configs/configs_train/CNRM/train_config_CNRM_Battery_P3_Best_FutureOnly.sh,unchanged,9b5da1296e1a80607514335028fbbff838a495320ae20ac0b0bb75f71201d7c4,9b5da1296e1a80607514335028fbbff838a495320ae20ac0b0bb75f71201d7c4,12,12
configs/configs_train/CNRM/train_config_CNRM_Battery_P3_Best_PastOnly.sh,unchanged,5f6916cddba8155661d8a56683ffee10409e771e37b07b7d07f622f571abd956,5f6916cddba8155661d8a56683ffee10409e771e37b07b7d07f622f571abd956,9,9
configs/configs_train/CNRM/train_config_CNRM_Battery_P3_Best_shuffle.sh,unchanged,63d5371dccaee73318eb2b2a38f824b8789a29f0526502f49fa46af5992e268a,63d5371dccaee73318eb2b2a38f824b8789a29f0526502f49fa46af5992e268a,10,10
configs/configs_train/EC_EARTH/train_config_EC_EARTH_Battery_Baseline_0h.sh,unchanged,87a32bad8c838774e87b353264f6b23d1b2a64c32cb2ed00f7b9ede4cf44e384,87a32bad8c838774e87b353264f6b23d1b2a64c32cb2ed00f7b9ede4cf44e384,8,8
configs/configs_train/EC_EARTH/train_config_EC_EARTH_Battery_Baseline_12h.sh,unchanged,b75b59fc7155d267a4abc4817061ea448bb1117f5008340039831e923e43f852,b75b59fc7155d267a4abc4817061ea448bb1117f5008340039831e923e43f852,8,8
configs/configs_train/EC_EARTH/train_config_EC_EARTH_Battery_P3_Base.sh,unchanged,655c88d8b0c141f7f634dcb9efea48e579a4d246d1940fee84ec3bbd23cafe3c,655c88d8b0c141f7f634dcb9efea48e579a4d246d1940fee84ec3bbd23cafe3c,8,8
configs/configs_train/EC_EARTH/train_config_EC_EARTH_Battery_P3_Base_PastOnly.sh,unchanged,1237ad09f4447d390f3d1e86ac04f90e7ef5f22a6e11f8ce5c43c8a5c6e3ab4f,1237ad09f4447d390f3d1e86ac04f90e7ef5f22a6e11f8ce5c43c8a5c6e3ab4f,8,8
configs/configs_train/EC_EARTH/train_config_EC_EARTH_Battery_P3_Best.sh,unchanged,b924ec7c163787b9628e4da335a428c58d44f7777260aafdcb0177a29e1d59b6,b924ec7c163787b9628e4da335a428c58d44f7777260aafdcb0177a29e1d59b6,9,9
configs/configs_train/EC_EARTH/train_config_EC_EARTH_Battery_P3_Best_FutureOnly.sh,unchanged,d9b7c5a499b4bf4d7a1b8dc9fa78c5dd387efc2320f4a3596889a456a5772439,d9b7c5a499b4bf4d7a1b8dc9fa78c5dd387efc2320f4a3596889a456a5772439,12,12
configs/configs_train/EC_EARTH/train_config_EC_EARTH_Battery_P3_Best_PastOnly.sh,unchanged,fdf867b7c312d7f35430d6321082903d11709bf8c0a3970108560bca221d48e8,fdf867b7c312d7f35430d6321082903d11709bf8c0a3970108560bca221d48e8,9,9
configs/configs_train/EC_EARTH/train_config_EC_EARTH_Battery_P3_Best_shuffle.sh,unchanged,8e6426d0fd1f97d1c9ccf7c86eb3c1898bcaf35e206ebe3284ab5cf201475d65,8e6426d0fd1f97d1c9ccf7c86eb3c1898bcaf35e206ebe3284ab5cf201475d65,10,10
configs/configs_train/MPI/train_config_MPI_Battery_Baseline_0h.sh,unchanged,837fa4de63a2184fd80a791a7ff71279ca014f2689468e512971e224e42cce67,837fa4de63a2184fd80a791a7ff71279ca014f2689468e512971e224e42cce67,8,8
configs/configs_train/MPI/train_config_MPI_Battery_Baseline_12h.sh,unchanged,a0e21cd929f5b7ab5e34cd6c63a4348c73b6c52c8876db39e7e689c6ad0d2bdb,a0e21cd929f5b7ab5e34cd6c63a4348c73b6c52c8876db39e7e689c6ad0d2bdb,8,8
configs/configs_train/MPI/train_config_MPI_Battery_P3_Base.sh,unchanged,05b28defc91713c046449209db3b45267d8e7ec1ccefdc81b53e0f2fccfadfcc,05b28defc91713c046449209db3b45267d8e7ec1ccefdc81b53e0f2fccfadfcc,8,8
configs/configs_train/MPI/train_config_MPI_Battery_P3_Base_PastOnly.sh,unchanged,a27dc0fa11c653a546e319a6e429400c719b666308e03b3476245fc53d137ce4,a27dc0fa11c653a546e319a6e429400c719b666308e03b3476245fc53d137ce4,8,8
configs/configs_train/MPI/train_config_MPI_Battery_P3_Best.sh,unchanged,ff4a3fe982925fda106fecd3b2cb70b77ba065ecac19885fe809decc0fdc49a6,ff4a3fe982925fda106fecd3b2cb70b77ba065ecac19885fe809decc0fdc49a6,9,9
configs/configs_train/MPI/train_config_MPI_Battery_P3_Best_FutureOnly.sh,unchanged,ba84e29a29191bebe50e14431d59fc4dbe7325288f1e15e42d7b7011b0abcb08,ba84e29a29191bebe50e14431d59fc4dbe7325288f1e15e42d7b7011b0abcb08,12,12
configs/configs_train/MPI/train_config_MPI_Battery_P3_Best_PastOnly.sh,unchanged,3d6e61323424baa1b3918a5bc2cca76e958efb44ef664835afa92cec751cac26,3d6e61323424baa1b3918a5bc2cca76e958efb44ef664835afa92cec751cac26,9,9
configs/configs_train/MPI/train_config_MPI_Battery_P3_Best_shuffle.sh,unchanged,cfd8705a0f92db5c66a58a9d3687d2d67c425c9c2c4c59e1307f9370b60377fa,cfd8705a0f92db5c66a58a9d3687d2d67c425c9c2c4c59e1307f9370b60377fa,10,10
configs/configs_train/MRI/train_config_MRI_Battery_Baseline_0h.sh,unchanged,2904e184980f498cce0db98244426ada0cde4fc25e0ba7e6bff9e64c66c92b6a,2904e184980f498cce0db98244426ada0cde4fc25e0ba7e6bff9e64c66c92b6a,8,8
configs/configs_train/MRI/train_config_MRI_Battery_Baseline_12h.sh,unchanged,f2f88b5324d38d522187db66b21db8cf01b777c3791eae97c4db636d11bc6975,f2f88b5324d38d522187db66b21db8cf01b777c3791eae97c4db636d11bc6975,8,8
configs/configs_train/MRI/train_config_MRI_Battery_P3_Base.sh,unchanged,eec1b4c6211a9aff2b17891a2f6ae26748a85699f775bce8855bf636cc288064,eec1b4c6211a9aff2b17891a2f6ae26748a85699f775bce8855bf636cc288064,8,8
configs/configs_train/MRI/train_config_MRI_Battery_P3_Base_PastOnly.sh,unchanged,71e98c65c31fbae4a95e9c89fc8500cbd9d01d5438046fbfb75c4c4ffaff684f,71e98c65c31fbae4a95e9c89fc8500cbd9d01d5438046fbfb75c4c4ffaff684f,8,8
configs/configs_train/MRI/train_config_MRI_Battery_P3_Best.sh,unchanged,662380924173450b083404cb718ec8fe48f6a58a03dc8250de89860a5e7c658f,662380924173450b083404cb718ec8fe48f6a58a03dc8250de89860a5e7c658f,9,9
configs/configs_train/MRI/train_config_MRI_Battery_P3_Best_FutureOnly.sh,unchanged,8f48839aed2a0a42cf2795f47fc1af9a327190f667437cbf677326eea3998e7e,8f48839aed2a0a42cf2795f47fc1af9a327190f667437cbf677326eea3998e7e,12,12
configs/configs_train/MRI/train_config_MRI_Battery_P3_Best_PastOnly.sh,unchanged,95d0209737d6b90eae5ee5fd4aeb29cb291f7f07586f541090770404ac764693,95d0209737d6b90eae5ee5fd4aeb29cb291f7f07586f541090770404ac764693,9,9
configs/configs_train/MRI/train_config_MRI_Battery_P3_Best_shuffle.sh,unchanged,63414ba70929da86a8570c4897d11e86b1e37e9bf05a3094f207bc653f3ef020,63414ba70929da86a8570c4897d11e86b1e37e9bf05a3094f207bc653f3ef020,10,10
configs/configs_train/NCEP/train_config_NCEP_Battery_Baseline_0h.sh,unchanged,f802fafb3d8fe24211347facb7ded8fcdcc696f5db84c403834328f233fd9ace,f802fafb3d8fe24211347facb7ded8fcdcc696f5db84c403834328f233fd9ace,8,8
configs/configs_train/NCEP/train_config_NCEP_Battery_Baseline_12h.sh,unchanged,d270b66aa978c2c461d6b1bfab8906d1e267b4d1fbccca588539b894a04735bd,d270b66aa978c2c461d6b1bfab8906d1e267b4d1fbccca588539b894a04735bd,9,9
configs/configs_train/NCEP/train_config_NCEP_Battery_P3_Base.sh,unchanged,1d7c085d147daee5c3057ede9db31fa04f4a4a4104ae9879dddf3ed4326c32ca,1d7c085d147daee5c3057ede9db31fa04f4a4a4104ae9879dddf3ed4326c32ca,8,8
configs/configs_train/NCEP/train_config_NCEP_Battery_P3_Best.sh,unchanged,1dd63e3cc0583b426fd41acc8e046408cfc5984ed6d90f3416be32d095da25eb,1dd63e3cc0583b426fd41acc8e046408cfc5984ed6d90f3416be32d095da25eb,9,9
configs/configs_train/NCEP/train_config_NCEP_Boston_Baseline_0h.sh,unchanged,86c24e5fcc68997113f5b0cfada2fb196915b356e58345477466b737af0feb63,86c24e5fcc68997113f5b0cfada2fb196915b356e58345477466b737af0feb63,8,8
configs/configs_train/NCEP/train_config_NCEP_Boston_Baseline_12h.sh,unchanged,a16ecaea2a03dfb18b1ebb2ffd6ab7555fa4a6a2cdd4ac1198f3507e80a261f5,a16ecaea2a03dfb18b1ebb2ffd6ab7555fa4a6a2cdd4ac1198f3507e80a261f5,8,8
configs/configs_train/NCEP/train_config_NCEP_Boston_P3_Base.sh,unchanged,e6d3aea51a9238c194a8bf2b7268cc1881f32d63ffc46c8a81506b0901c8433a,e6d3aea51a9238c194a8bf2b7268cc1881f32d63ffc46c8a81506b0901c8433a,8,8
configs/configs_train/NCEP/train_config_NCEP_Boston_P3_Best.sh,unchanged,1857aaf8fcf6b4054c73e13d130ba11faf04882e97df1594e60087ee923ad82e,1857aaf8fcf6b4054c73e13d130ba11faf04882e97df1594e60087ee923ad82e,9,9
configs/configs_train/NCEP/train_config_NCEP_CBBT_Baseline_0h.sh,unchanged,967636474c7e92a0a7d6b38dfde32ff5904750e1f9451be22ed2e39e383da745,967636474c7e92a0a7d6b38dfde32ff5904750e1f9451be22ed2e39e383da745,8,8
configs/configs_train/NCEP/train_config_NCEP_CBBT_Baseline_12h.sh,unchanged,347a096906bb9b7130aae718e815a6fe5716f934f533a4bfdd28cd87b2e7e8b5,347a096906bb9b7130aae718e815a6fe5716f934f533a4bfdd28cd87b2e7e8b5,8,8
configs/configs_train/NCEP/train_config_NCEP_CBBT_P3_Base.sh,unchanged,397af394dfe89fa8e3d79be2c2c9be63807703cf652395d9205283a9a8e559cf,397af394dfe89fa8e3d79be2c2c9be63807703cf652395d9205283a9a8e559cf,8,8
configs/configs_train/NCEP/train_config_NCEP_CBBT_P3_Best.sh,unchanged,06c1d4bec44005d46df67b3bd671dc7756de0603639755e8f7a8770290df564f,06c1d4bec44005d46df67b3bd671dc7756de0603639755e8f7a8770290df564f,9,9
configs/configs_train/NCEP/train_config_NCEP_Lewes_Baseline_0h.sh,unchanged,d2da8f06b1435bcc4c448f8da774977ab2868c3d24d597b54da032801f5c6482,d2da8f06b1435bcc4c448f8da774977ab2868c3d24d597b54da032801f5c6482,8,8
configs/configs_train/NCEP/train_config_NCEP_Lewes_Baseline_12h.sh,unchanged,0acec06181a1943db2cc4af40fdc1cb4ec5670b3450ddfcf298379c8f9f9e4c3,0acec06181a1943db2cc4af40fdc1cb4ec5670b3450ddfcf298379c8f9f9e4c3,8,8
configs/configs_train/NCEP/train_config_NCEP_Lewes_P3_Base.sh,unchanged,7749d74f8ccfe5509fbf0af9f48e11813bbf3a59408659a96866605257aad987,7749d74f8ccfe5509fbf0af9f48e11813bbf3a59408659a96866605257aad987,8,8
configs/configs_train/NCEP/train_config_NCEP_Lewes_P3_Best.sh,unchanged,ca4fa9525ff37ef9b37a6889dd69f0c2eac3059c6a8df8aa0906319b737384b4,ca4fa9525ff37ef9b37a6889dd69f0c2eac3059c6a8df8aa0906319b737384b4,9,9
configs/configs_train/train_config_common.sh,modified,1458066565a8bd6596a1a329f213a68ce43db4d2048317be9144da87fbf1abd1,68e2adc5831f3c231b0d15d2d4157248c0e2be1207337bfdc4e0c44e11184560,94,97
configs/configs_train_single/AWI/train_config_AWI_Battery_Baseline_0h.sh,unchanged,2f0bce9faa2e11c51f2a9ad49e4a60ea0fb5b240f8bf593776bae38ee389b44e,2f0bce9faa2e11c51f2a9ad49e4a60ea0fb5b240f8bf593776bae38ee389b44e,8,8
configs/configs_train_single/AWI/train_config_AWI_Battery_Baseline_12h.sh,unchanged,5741051bdcaa9d0f239a4ca94096b251971fa24c848ea6d5fa59f23c8c93e9f7,5741051bdcaa9d0f239a4ca94096b251971fa24c848ea6d5fa59f23c8c93e9f7,8,8
configs/configs_train_single/AWI/train_config_AWI_Battery_P3_Base.sh,unchanged,c8890f89d4ea246223885dc684b85849bb71b4807c863a35a13b971f6a988557,c8890f89d4ea246223885dc684b85849bb71b4807c863a35a13b971f6a988557,8,8
configs/configs_train_single/AWI/train_config_AWI_Battery_P3_Base_PastOnly.sh,unchanged,9c29a9197659ca9e943011ea7a07b0423b38057faa80008eb72cdd7f25925471,9c29a9197659ca9e943011ea7a07b0423b38057faa80008eb72cdd7f25925471,8,8
configs/configs_train_single/AWI/train_config_AWI_Battery_P3_Best.sh,unchanged,35bc4856ba4dbadb708873fb4d214a8ea7d967df91acdec26570acc055645b1a,35bc4856ba4dbadb708873fb4d214a8ea7d967df91acdec26570acc055645b1a,9,9
configs/configs_train_single/AWI/train_config_AWI_Battery_P3_Best_FutureOnly.sh,unchanged,e89ac44f94e90bada965c77741867bf5adc35abd562622df763514e289c070a0,e89ac44f94e90bada965c77741867bf5adc35abd562622df763514e289c070a0,12,12
configs/configs_train_single/AWI/train_config_AWI_Battery_P3_Best_PastOnly.sh,unchanged,8bd7c39879b5e1baaf1cca1f0bb4ba6b9426b5fdface4894e4c082f07b25a013,8bd7c39879b5e1baaf1cca1f0bb4ba6b9426b5fdface4894e4c082f07b25a013,9,9
configs/configs_train_single/AWI/train_config_AWI_Battery_P3_Best_shuffle.sh,unchanged,21df9ea823bddbf7003fc2f060b6db8a3b967bde27ef4c847217e188c5699b4b,21df9ea823bddbf7003fc2f060b6db8a3b967bde27ef4c847217e188c5699b4b,10,10
configs/configs_train_single/CNRM/train_config_CNRM_Battery_Baseline_0h.sh,unchanged,6addd14df1c265e00efa34a10595149f459a4d22cf53a8cab0db8df365b8ff28,6addd14df1c265e00efa34a10595149f459a4d22cf53a8cab0db8df365b8ff28,8,8
configs/configs_train_single/CNRM/train_config_CNRM_Battery_Baseline_12h.sh,unchanged,c3aa87a59a334283000733f92d8dac3be715f47ad2222ca20d2fa73e777f1a9a,c3aa87a59a334283000733f92d8dac3be715f47ad2222ca20d2fa73e777f1a9a,8,8
configs/configs_train_single/CNRM/train_config_CNRM_Battery_P3_Base.sh,unchanged,da52b68f9fdb98863b586851bc63da0863d6b66d80da6fc3dea58da3a6b16f23,da52b68f9fdb98863b586851bc63da0863d6b66d80da6fc3dea58da3a6b16f23,8,8
configs/configs_train_single/CNRM/train_config_CNRM_Battery_P3_Base_PastOnly.sh,unchanged,45607ef0a93b76ac24cb9320eca5a86208a7d2f9b391836364d6b959dc7d766a,45607ef0a93b76ac24cb9320eca5a86208a7d2f9b391836364d6b959dc7d766a,8,8
configs/configs_train_single/CNRM/train_config_CNRM_Battery_P3_Best.sh,unchanged,48ef17b98c254c186c09c4876c3651890e0101b8ddf863f8c08e9d10f78a6730,48ef17b98c254c186c09c4876c3651890e0101b8ddf863f8c08e9d10f78a6730,9,9
configs/configs_train_single/CNRM/train_config_CNRM_Battery_P3_Best_FutureOnly.sh,unchanged,9b5da1296e1a80607514335028fbbff838a495320ae20ac0b0bb75f71201d7c4,9b5da1296e1a80607514335028fbbff838a495320ae20ac0b0bb75f71201d7c4,12,12
configs/configs_train_single/CNRM/train_config_CNRM_Battery_P3_Best_PastOnly.sh,unchanged,5f6916cddba8155661d8a56683ffee10409e771e37b07b7d07f622f571abd956,5f6916cddba8155661d8a56683ffee10409e771e37b07b7d07f622f571abd956,9,9
configs/configs_train_single/CNRM/train_config_CNRM_Battery_P3_Best_shuffle.sh,unchanged,63d5371dccaee73318eb2b2a38f824b8789a29f0526502f49fa46af5992e268a,63d5371dccaee73318eb2b2a38f824b8789a29f0526502f49fa46af5992e268a,10,10
configs/configs_train_single/EC_EARTH/train_config_EC_EARTH_Battery_Baseline_0h.sh,unchanged,87a32bad8c838774e87b353264f6b23d1b2a64c32cb2ed00f7b9ede4cf44e384,87a32bad8c838774e87b353264f6b23d1b2a64c32cb2ed00f7b9ede4cf44e384,8,8
configs/configs_train_single/EC_EARTH/train_config_EC_EARTH_Battery_Baseline_12h.sh,unchanged,b75b59fc7155d267a4abc4817061ea448bb1117f5008340039831e923e43f852,b75b59fc7155d267a4abc4817061ea448bb1117f5008340039831e923e43f852,8,8
configs/configs_train_single/EC_EARTH/train_config_EC_EARTH_Battery_P3_Base.sh,unchanged,655c88d8b0c141f7f634dcb9efea48e579a4d246d1940fee84ec3bbd23cafe3c,655c88d8b0c141f7f634dcb9efea48e579a4d246d1940fee84ec3bbd23cafe3c,8,8
configs/configs_train_single/EC_EARTH/train_config_EC_EARTH_Battery_P3_Base_PastOnly.sh,unchanged,1237ad09f4447d390f3d1e86ac04f90e7ef5f22a6e11f8ce5c43c8a5c6e3ab4f,1237ad09f4447d390f3d1e86ac04f90e7ef5f22a6e11f8ce5c43c8a5c6e3ab4f,8,8
configs/configs_train_single/EC_EARTH/train_config_EC_EARTH_Battery_P3_Best.sh,unchanged,b924ec7c163787b9628e4da335a428c58d44f7777260aafdcb0177a29e1d59b6,b924ec7c163787b9628e4da335a428c58d44f7777260aafdcb0177a29e1d59b6,9,9
configs/configs_train_single/EC_EARTH/train_config_EC_EARTH_Battery_P3_Best_FutureOnly.sh,unchanged,d9b7c5a499b4bf4d7a1b8dc9fa78c5dd387efc2320f4a3596889a456a5772439,d9b7c5a499b4bf4d7a1b8dc9fa78c5dd387efc2320f4a3596889a456a5772439,12,12
configs/configs_train_single/EC_EARTH/train_config_EC_EARTH_Battery_P3_Best_PastOnly.sh,unchanged,fdf867b7c312d7f35430d6321082903d11709bf8c0a3970108560bca221d48e8,fdf867b7c312d7f35430d6321082903d11709bf8c0a3970108560bca221d48e8,9,9
configs/configs_train_single/EC_EARTH/train_config_EC_EARTH_Battery_P3_Best_shuffle.sh,unchanged,8e6426d0fd1f97d1c9ccf7c86eb3c1898bcaf35e206ebe3284ab5cf201475d65,8e6426d0fd1f97d1c9ccf7c86eb3c1898bcaf35e206ebe3284ab5cf201475d65,10,10
configs/configs_train_single/MPI/train_config_MPI_Battery_Baseline_0h.sh,unchanged,837fa4de63a2184fd80a791a7ff71279ca014f2689468e512971e224e42cce67,837fa4de63a2184fd80a791a7ff71279ca014f2689468e512971e224e42cce67,8,8
configs/configs_train_single/MPI/train_config_MPI_Battery_Baseline_12h.sh,unchanged,a0e21cd929f5b7ab5e34cd6c63a4348c73b6c52c8876db39e7e689c6ad0d2bdb,a0e21cd929f5b7ab5e34cd6c63a4348c73b6c52c8876db39e7e689c6ad0d2bdb,8,8
configs/configs_train_single/MPI/train_config_MPI_Battery_P3_Base.sh,unchanged,05b28defc91713c046449209db3b45267d8e7ec1ccefdc81b53e0f2fccfadfcc,05b28defc91713c046449209db3b45267d8e7ec1ccefdc81b53e0f2fccfadfcc,8,8
configs/configs_train_single/MPI/train_config_MPI_Battery_P3_Base_PastOnly.sh,unchanged,a27dc0fa11c653a546e319a6e429400c719b666308e03b3476245fc53d137ce4,a27dc0fa11c653a546e319a6e429400c719b666308e03b3476245fc53d137ce4,8,8
configs/configs_train_single/MPI/train_config_MPI_Battery_P3_Best.sh,unchanged,ff4a3fe982925fda106fecd3b2cb70b77ba065ecac19885fe809decc0fdc49a6,ff4a3fe982925fda106fecd3b2cb70b77ba065ecac19885fe809decc0fdc49a6,9,9
configs/configs_train_single/MPI/train_config_MPI_Battery_P3_Best_FutureOnly.sh,unchanged,ba84e29a29191bebe50e14431d59fc4dbe7325288f1e15e42d7b7011b0abcb08,ba84e29a29191bebe50e14431d59fc4dbe7325288f1e15e42d7b7011b0abcb08,12,12
configs/configs_train_single/MPI/train_config_MPI_Battery_P3_Best_PastOnly.sh,unchanged,3d6e61323424baa1b3918a5bc2cca76e958efb44ef664835afa92cec751cac26,3d6e61323424baa1b3918a5bc2cca76e958efb44ef664835afa92cec751cac26,9,9
configs/configs_train_single/MPI/train_config_MPI_Battery_P3_Best_shuffle.sh,unchanged,cfd8705a0f92db5c66a58a9d3687d2d67c425c9c2c4c59e1307f9370b60377fa,cfd8705a0f92db5c66a58a9d3687d2d67c425c9c2c4c59e1307f9370b60377fa,10,10
configs/configs_train_single/MRI/train_config_MRI_Battery_Baseline_0h.sh,unchanged,2904e184980f498cce0db98244426ada0cde4fc25e0ba7e6bff9e64c66c92b6a,2904e184980f498cce0db98244426ada0cde4fc25e0ba7e6bff9e64c66c92b6a,8,8
configs/configs_train_single/MRI/train_config_MRI_Battery_Baseline_12h.sh,unchanged,f2f88b5324d38d522187db66b21db8cf01b777c3791eae97c4db636d11bc6975,f2f88b5324d38d522187db66b21db8cf01b777c3791eae97c4db636d11bc6975,8,8
configs/configs_train_single/MRI/train_config_MRI_Battery_P3_Base.sh,unchanged,eec1b4c6211a9aff2b17891a2f6ae26748a85699f775bce8855bf636cc288064,eec1b4c6211a9aff2b17891a2f6ae26748a85699f775bce8855bf636cc288064,8,8
configs/configs_train_single/MRI/train_config_MRI_Battery_P3_Base_PastOnly.sh,unchanged,71e98c65c31fbae4a95e9c89fc8500cbd9d01d5438046fbfb75c4c4ffaff684f,71e98c65c31fbae4a95e9c89fc8500cbd9d01d5438046fbfb75c4c4ffaff684f,8,8
configs/configs_train_single/MRI/train_config_MRI_Battery_P3_Best.sh,unchanged,662380924173450b083404cb718ec8fe48f6a58a03dc8250de89860a5e7c658f,662380924173450b083404cb718ec8fe48f6a58a03dc8250de89860a5e7c658f,9,9
configs/configs_train_single/MRI/train_config_MRI_Battery_P3_Best_FutureOnly.sh,unchanged,8f48839aed2a0a42cf2795f47fc1af9a327190f667437cbf677326eea3998e7e,8f48839aed2a0a42cf2795f47fc1af9a327190f667437cbf677326eea3998e7e,12,12
configs/configs_train_single/MRI/train_config_MRI_Battery_P3_Best_PastOnly.sh,unchanged,95d0209737d6b90eae5ee5fd4aeb29cb291f7f07586f541090770404ac764693,95d0209737d6b90eae5ee5fd4aeb29cb291f7f07586f541090770404ac764693,9,9
configs/configs_train_single/MRI/train_config_MRI_Battery_P3_Best_shuffle.sh,unchanged,63414ba70929da86a8570c4897d11e86b1e37e9bf05a3094f207bc653f3ef020,63414ba70929da86a8570c4897d11e86b1e37e9bf05a3094f207bc653f3ef020,10,10
configs/configs_train_single/NCEP/train_config_NCEP_Battery_Baseline_0h.sh,unchanged,f802fafb3d8fe24211347facb7ded8fcdcc696f5db84c403834328f233fd9ace,f802fafb3d8fe24211347facb7ded8fcdcc696f5db84c403834328f233fd9ace,8,8
configs/configs_train_single/NCEP/train_config_NCEP_Battery_Baseline_12h.sh,unchanged,d270b66aa978c2c461d6b1bfab8906d1e267b4d1fbccca588539b894a04735bd,d270b66aa978c2c461d6b1bfab8906d1e267b4d1fbccca588539b894a04735bd,9,9
configs/configs_train_single/NCEP/train_config_NCEP_Battery_P3_Base.sh,unchanged,1d7c085d147daee5c3057ede9db31fa04f4a4a4104ae9879dddf3ed4326c32ca,1d7c085d147daee5c3057ede9db31fa04f4a4a4104ae9879dddf3ed4326c32ca,8,8
configs/configs_train_single/NCEP/train_config_NCEP_Battery_P3_Best.sh,unchanged,1dd63e3cc0583b426fd41acc8e046408cfc5984ed6d90f3416be32d095da25eb,1dd63e3cc0583b426fd41acc8e046408cfc5984ed6d90f3416be32d095da25eb,9,9
configs/configs_train_single/NCEP/train_config_NCEP_Boston_Baseline_0h.sh,unchanged,86c24e5fcc68997113f5b0cfada2fb196915b356e58345477466b737af0feb63,86c24e5fcc68997113f5b0cfada2fb196915b356e58345477466b737af0feb63,8,8
configs/configs_train_single/NCEP/train_config_NCEP_Boston_Baseline_12h.sh,unchanged,a16ecaea2a03dfb18b1ebb2ffd6ab7555fa4a6a2cdd4ac1198f3507e80a261f5,a16ecaea2a03dfb18b1ebb2ffd6ab7555fa4a6a2cdd4ac1198f3507e80a261f5,8,8
configs/configs_train_single/NCEP/train_config_NCEP_Boston_P3_Base.sh,unchanged,e6d3aea51a9238c194a8bf2b7268cc1881f32d63ffc46c8a81506b0901c8433a,e6d3aea51a9238c194a8bf2b7268cc1881f32d63ffc46c8a81506b0901c8433a,8,8
configs/configs_train_single/NCEP/train_config_NCEP_Boston_P3_Best.sh,unchanged,1857aaf8fcf6b4054c73e13d130ba11faf04882e97df1594e60087ee923ad82e,1857aaf8fcf6b4054c73e13d130ba11faf04882e97df1594e60087ee923ad82e,9,9
configs/configs_train_single/NCEP/train_config_NCEP_CBBT_Baseline_0h.sh,unchanged,967636474c7e92a0a7d6b38dfde32ff5904750e1f9451be22ed2e39e383da745,967636474c7e92a0a7d6b38dfde32ff5904750e1f9451be22ed2e39e383da745,8,8
configs/configs_train_single/NCEP/train_config_NCEP_CBBT_Baseline_12h.sh,unchanged,347a096906bb9b7130aae718e815a6fe5716f934f533a4bfdd28cd87b2e7e8b5,347a096906bb9b7130aae718e815a6fe5716f934f533a4bfdd28cd87b2e7e8b5,8,8
configs/configs_train_single/NCEP/train_config_NCEP_CBBT_P3_Base.sh,unchanged,397af394dfe89fa8e3d79be2c2c9be63807703cf652395d9205283a9a8e559cf,397af394dfe89fa8e3d79be2c2c9be63807703cf652395d9205283a9a8e559cf,8,8
configs/configs_train_single/NCEP/train_config_NCEP_CBBT_P3_Best.sh,unchanged,06c1d4bec44005d46df67b3bd671dc7756de0603639755e8f7a8770290df564f,06c1d4bec44005d46df67b3bd671dc7756de0603639755e8f7a8770290df564f,9,9
configs/configs_train_single/NCEP/train_config_NCEP_Lewes_Baseline_0h.sh,unchanged,d2da8f06b1435bcc4c448f8da774977ab2868c3d24d597b54da032801f5c6482,d2da8f06b1435bcc4c448f8da774977ab2868c3d24d597b54da032801f5c6482,8,8
configs/configs_train_single/NCEP/train_config_NCEP_Lewes_Baseline_12h.sh,unchanged,0acec06181a1943db2cc4af40fdc1cb4ec5670b3450ddfcf298379c8f9f9e4c3,0acec06181a1943db2cc4af40fdc1cb4ec5670b3450ddfcf298379c8f9f9e4c3,8,8
configs/configs_train_single/NCEP/train_config_NCEP_Lewes_P3_Base.sh,unchanged,7749d74f8ccfe5509fbf0af9f48e11813bbf3a59408659a96866605257aad987,7749d74f8ccfe5509fbf0af9f48e11813bbf3a59408659a96866605257aad987,8,8
configs/configs_train_single/NCEP/train_config_NCEP_Lewes_P3_Best.sh,unchanged,ca4fa9525ff37ef9b37a6889dd69f0c2eac3059c6a8df8aa0906319b737384b4,ca4fa9525ff37ef9b37a6889dd69f0c2eac3059c6a8df8aa0906319b737384b4,9,9
configs/configs_train_single/train_config_common.sh,modified,23049a320832e0c56f5728bc83d74820489e17c5dff78eb2c5df87bdfc50dcba,caba8c1a333ce99e4d466467af43f9c94897075240f5a402af43a2aba234776f,95,98
configs/train_config_NCEP_Battery_Stable_Dual.sh,added,,a6b881f774c063a091c72a473e9093acb0d2318488a1b9fe0e721c064e26345b,0,5
configs/train_config_NCEP_Battery_Stable_Single.sh,added,,12a949fe05fcfa1880a1ad3254dd66460f5707f8298d983a150faa0a8b7f442d,0,32
emulator/__init__.py,unchanged,51e67819dff8dab4aa9c6fb6137bdaa752418efe515577eb1bc6ca92f75cbaaa,51e67819dff8dab4aa9c6fb6137bdaa752418efe515577eb1bc6ca92f75cbaaa,17,17
emulator/common/__init__.py,modified,0bf5c449a0f134cdbd448dc872da20f5ff3c6608bc414332078ca4ffd3136ef4,e085d6d57ddcd94a9f3c4fa2256b2be70a2de95acca98ca1f37b97855c282687,28,3
emulator/common/cli.py,modified,9dc6dc7c2a329ec0e84d63bb66e67027eb6f9a09de337bd35552bc3ee920d6df,b3654a0d73862d7551ae8e4f3d7f5b579c8d5da358cc84cd9e0dada1d0d9c9ec,12,20
emulator/common/distributed.py,deleted,5c63247da9033d2a6313c8a646bc9bbfaf3835c4b806db8b556f91fae31aac84,,53,0
emulator/common/inference_artifacts.sh,modified,e84acd48715969350dd919e85a6792c2f25b6f5cc1fc88d887e941148e8a062c,24a623dea8f1ebb006c909b62af600dad7cbcdf24086f89589fcd4128d2d3b57,72,72
emulator/common/io_utils.py,deleted,35ea11851fd777ef79a67df7dd48fd52aecddcbabb3ebbf33a499a7b8788f4f5,,26,0
emulator/common/runtime.py,modified,9e682dade366ff36017fc4c7fa4f2523a85974640c0cde0db08f014997e30af2,6197b9cd163e95f9afc419d42f9932403eb6c980ef072012d53aff2f56e5ad41,99,26
emulator/data/__init__.py,modified,91f7adc2177828a4b9a18c718b9438757756db92325d3824228939eb98d26305,45382fc84fa4519495150401f5c2c4daa046e3992ea406a049be379d28d0f3e6,43,7
emulator/data/graph_store.py,modified,29274664e7b7f3f34dd3c5c92f3b8830fd645d3f2dbb9d74ca82036ca385bc9d,331a6eb67989f7c88664d0bdad974e950f98dfd75d100a10ad5ef21e70ff7ec0,351,92
emulator/data/loaders.py,unchanged,1d28870c8808f0250f39b993265098459fb5b5d6186a7089a8fdcd9df6c38d98,1d28870c8808f0250f39b993265098459fb5b5d6186a7089a8fdcd9df6c38d98,59,59
emulator/data/normalization.py,modified,b7a9a88221ff9a73f94779601699b6aa8b637844f37daab254f0261810b7124e,c58550fe4597e7c3ae26403a1adf3fd902f4c7a4d6310aa75520f44cdeff708c,118,26
emulator/data/station_metadata.py,modified,3b37df8ffa94b884d33b5b435216608a6ba5c4462a13a59b4cca0cbca3d6d555,841262a04eed8b73f6c78f26fb384ea0e3af75dbd640e44334017533c0984c04,103,25
emulator/data/stats.py,modified,a3c960348c8627808387cfa0eda1007dfdba76efed699f25a6f0f97b7e224d39,343ae07322b61c3d3c58b15b72bad7a15fbbbb082e340fafd1af2a3a772abb0a,310,110
emulator/inference/__init__.py,modified,faad0994e4ab7131e27d281925bc8af406302b5ff86cff249618eb083a0df2d0,a4a17f727e269fea79f9974d8f06c75e7959f12ea85fb72c938d63d0982345fa,10,5
emulator/inference/engine.py,deleted,9a6d971d93cca13543d63c4459d6564fb5a893f2e77e611b844cd2add7119b75,,103,0
emulator/inference/grouping.py,modified,c74705152aa568765047faa675d73aa758e8652c367950cdb6611ab291321afb,a2a1aabec95bde2780e688ef91129a62fb5e4c44d47b4a222cfe3cc358c89902,30,46
emulator/models/__init__.py,modified,f65e5247653704dc2b5c69660186563ed665662be8c9ca89ebaac3d54c87b4bb,26e8b89607c8966329baffb8d0ea11228d41a38ee86c1c1057623aea319f4308,25,4
emulator/models/architectures.py,modified,b2f07583db67ce6e33efaad88d933ef6efc24053ed2ab35633c009927ceb9104,c00ea660e341c4774df8161e7cd15ed98e6efe88e150207542c1c6596626bf51,891,157
emulator/models/heads.py,added,,94ab70fffeb49e18855baf111c9517a0b20dc86a0b7f68140dbca0af118f0e2a,0,60
emulator/models/pressure.py,added,,23157b7bbc1a5a4cde3dc48c2a9f0aad7327fcdd7e2ce84c0fcfe519331b4f0b,0,30
emulator/models/spatial.py,added,,e8d0ef1523e2752bb61e803252db3420ab47e4b08a6f9888d48bf10a3c5904de,0,49
emulator/models/temporal.py,added,,e44e63e5e4fc1d42dec167a6c3d0a472c7b3de8a696b1711812d48be30758085,0,48
emulator/training/__init__.py,modified,91e5769220070ee69bf67e5305be92f30ab43c37abab920589a746710c316fc5,f28c24f7090dbeee9aa5c978ef974a24d90d653067a4300f9a9a3084cc555de0,13,5
emulator/training/arguments.py,added,,f4fbe33e43b040dd308012ad746b062a5aace425a1149ff4fd43dc7d0fee4564,0,259
emulator/training/engine.py,modified,759056bb39a838158cbfcc6c959fc42fcae211202e9940ba32c16396f0c48892,1b8b683d481f36ffb489fd18a027e514879beb1d604030d1ba9b9da18a945f89,586,99
emulator/training/losses.py,modified,a365c788251991f54a1694259163d6df663ead2914338c0303bbffa84e067a9e,fed873bec21e52749a1b814cd9575f168edd7bb36464955035a0cff4c5ef3e27,86,97
emulator/training/metrics.py,added,,a16bad5f040d1725cf97e47628b9d3ea19da39d10c3ad14f34a0a59c95ecd0e9,0,33
environment_dataprep.yml,unchanged,e3b10843e616112b6bac839f060f58f21fddde6644b6d5d51a9aa63a11dea9cd,e3b10843e616112b6bac839f060f58f21fddde6644b6d5d51a9aa63a11dea9cd,346,346
environment_training.yml,unchanged,e5ec667014aea9f3d20574ff644b7fea0405ba86b93b2e64bd136c1c2ee43859,e5ec667014aea9f3d20574ff644b7fea0405ba86b93b2e64bd136c1c2ee43859,90,90
infer.py,modified,2595195829680ffe1ff83f34f3e91e21664fa8577d6bdd8a2515f591c9de8763,dbdf889e50e0f44b83b4779f6f102b8c93e66bc37011dc5fb2506f6aea5ad28a,708,294
infer.sh,modified,fd22a14d59b5f3cc4d49ed3b9b4998cf20cf678aaa62e275d2cf6f990297d542,75ca5c97ba069e9ba8a85cdf8842dd82697280b0d302976d44274aa3516e7b4a,330,336
infer_multi.sh,modified,62df0a60a275feee38e9a277c1398b2fdc4161af69d95e69f6eb3430a9ca0fc8,48bf4d73c5501c122ccf10eedc3a5f69652d9cf19695ed57675fdc7f0b58abba,289,291
preprocessing/forcing_cmip6.py,added,,86704b4c63a26b6af4f429b15073997ea55ab8df423f5925801b1a614f294fec,0,75
preprocessing/preprocessing_forcing_CMIP6_AWI_Mean_Removal.py,unchanged,4e0c3dd6fcbabfb8a3aec75d03ce74c2fb79d1487ba383ff90d9aa8fa02f29dd,4e0c3dd6fcbabfb8a3aec75d03ce74c2fb79d1487ba383ff90d9aa8fa02f29dd,214,214
preprocessing/preprocessing_forcing_CMIP6_CNRM_Mean_Removal.py,unchanged,ed48270bff6f1a915656b441b404982efbe9d4ffea7283a0eb0dd75f4bd48473,ed48270bff6f1a915656b441b404982efbe9d4ffea7283a0eb0dd75f4bd48473,214,214
preprocessing/preprocessing_forcing_CMIP6_EC_EARTH_Mean_Removal.py,unchanged,fec4b6965676802871b4a2671fc6e4c9d971aaf32abf0291c264ef790cf82d05,fec4b6965676802871b4a2671fc6e4c9d971aaf32abf0291c264ef790cf82d05,214,214
preprocessing/preprocessing_forcing_CMIP6_MPI_Mean_Removal.py,unchanged,d6399517e7883260fa24a52bbdc5f018574a9b82d89c591bb7779fba5e2f8da3,d6399517e7883260fa24a52bbdc5f018574a9b82d89c591bb7779fba5e2f8da3,214,214
preprocessing/preprocessing_forcing_CMIP6_MRI_Mean_Removal.py,unchanged,5bbf4666cdb762413fa97a7233b9c6532a3e9fee8888c76426bdacce62fd8be4,5bbf4666cdb762413fa97a7233b9c6532a3e9fee8888c76426bdacce62fd8be4,214,214
preprocessing/preprocessing_forcing_NCEP_Mean_Removal.py,modified,a5c0cf0fb4c31fefdc24b20de14a12622fdf2a89f8113b13050d186fbf190559,1d70219e40ea25c0c883eea676c8ffe53063185e1b5abc60bfd582253e036b6c,172,163
preprocessing/preprocessing_simulation.py,modified,74b16e0305ffcd5ff42dcc44e0ed426fb348c960db64994e03fd112f447b0162,dd8a6dc993e06b9e81f3f7db0412f3490f3596ecf31ed6546022c95129ba6b7c,355,357
preprocessing/time_align_unified.py,modified,2924d3827ec03b692bed17b3d74cbca5067bb97cb02897f511bfcad095f1d340,1c9d274dd9e3baf8116af199e66ded2e0ba5f22bb7b6f39af852e85acb258f80,1008,1008
station_json/Battery.json,unchanged,ac5e53f863a21806c9c8d9243c2318677796a34c114c0c9c0952ceb2d1cfa320,ac5e53f863a21806c9c8d9243c2318677796a34c114c0c9c0952ceb2d1cfa320,92,92
station_json/Boston.json,unchanged,709e0a4b3c5ddc77496435e1f15280f457c5cbb2a47b1eea02328a2da8a5aea1,709e0a4b3c5ddc77496435e1f15280f457c5cbb2a47b1eea02328a2da8a5aea1,92,92
station_json/CBBT.json,unchanged,a319d59e3fd6c014b92e3bb56245092fbf5964f721a20595a83fb6a2fa5df203,a319d59e3fd6c014b92e3bb56245092fbf5964f721a20595a83fb6a2fa5df203,92,92
station_json/Lewes.json,unchanged,684a57e640f93d752dc236f48957fb15c4e75508920765b7e30076d1b8e36416,684a57e640f93d752dc236f48957fb15c4e75508920765b7e30076d1b8e36416,92,92
tests/test_config_interfaces.py,added,,b0fafb7deb16d8ac665e4fd7fde38362826ea30a27d85c240221ee439f522306,0,207
tests/test_core_architecture.py,deleted,466f70ae4c91481ba0acbd2ef83897008347c2da1318d22b9046e60ddb48fb61,,271,0
tests/test_dual_loss.py,added,,6db58b27553b985b210950f59d3154eb9c3cddec4c4e482c0dbd970116473da4,0,158
tests/test_forcing.py,added,,f7e74d8423d87bc6dae8aacca4802926ae92f8f7b53217ea198c3d69f19d5a4a,0,23
tests/test_inference_artifacts.py,deleted,2207ecd0b94c5b24f4a63c8b2dbef1782a3cb53b4a078289d0c3d57f0975e0e1,,179,0
tests/test_inference_audit.py,deleted,eee73d615be7182b8e024f11ff34713a3c7aaecdfb60532e52ef66bc1977e815,,116,0
tests/test_inference_reporting.py,added,,dc30b147a1e28c599bae07d11f90c5a1d4387b08e01c05f85f3682696db18e40,0,129
tests/test_missing_pmean.py,deleted,b114e16ab9f4aa058c97623106c4e7c18b697673b81d5668d90a86bc976ece80,,117,0
tests/test_model_audit.py,deleted,65b2e94d889261868e0229fd4dec72cbc7ae1a151e5b945a5b41e5dfce873f3e,,107,0
tests/test_models.py,added,,386e077102244d6059af9c9cc4130b1137cab342310318ad372625a114e2d33d,0,113
tests/test_pipeline.py,added,,77c57de386e71af984efb7ae7c44920fb071110380bc681b9fe876008e8bc61b,0,135
tests/test_preprocessing_pipeline.py,added,,c41a39ed9700ca0ade938cb30630478850bd6b0b88b24019c5791b3a72681413,0,111
tests/test_station_metadata.py,unchanged,99d35b4761ea4e1969eda0181f938bcafb1f7df79df63c32d92f8d05cc017b74,99d35b4761ea4e1969eda0181f938bcafb1f7df79df63c32d92f8d05cc017b74,45,45
tests/test_time_alignment.py,modified,bc5f4014e46d43b65c6d0dd4434ac457b1bd016788859eab19a82ab0aafb4c4a,7e88d14b4b0a5bb74d3b8f5c5742bbd59aae27cf5d11fa3656a358704e8199b9,101,122
tests/test_training.py,added,,9de30032af3404312b4dc87deb5cab8f19977e86f7fd74972e1dc045f71abeb3,0,96
train.py,modified,50af7cdfb84773711a5879d822774113053b1b8dd27c658e576f316724d9f026,674b0301ce12a568daa8b2e0894935c3134ea56163b73f00b18f868f7ecc2a4e,1522,204
train.sh,modified,b6b33402c2eaae001e6138f2cc999936d10eaf573de03a6121b8dda142d55aad,b23967ddf2f80f8d2bc41c8d0d52f9fe2eaed93ee0dea7bc7d7e415992657cf1,649,708
