experiment_id,config_path,station,formulation,tail_enabled,tail_lambda,configured_tail_lambda,amp_enabled,excess_amp_loss_weight,shape_enabled,shape_loss_weight,peak_enabled,peak_loss_weight,loss_mode,seed,checkpoint_selection,save_aux_checkpoints,checkpoint_overall_tol,run_tag,run_name,python_run_tag_base,history_hours,excess_amp_pool,excess_amp_beta,peak_pool,peak_pool_beta,severity_shape_eps,qsub_label,qsub_command,results_root
1,experiment_config/P2_PeakAwareFactorial/train_config_NCEP_CBBT_24h_dual_direct_T0_A0_S0_P0.sh,CBBT,direct,0,0,0.025,0,0,0,0,0,0,mse,42,overall,0,0.01,NCEP_CBBT_24h_dual_direct_T0_A0_S0_P0,NCEP_CBBT_24h_dual_direct_T0_A0_S0_P0,NCEP_CBBT_24h_dual_direct_T0_A0_S0_P0,24,max,20,max,20,1e-6,P2_CBBT_direct_T0_A0_S0_P0,qsub_local train.sh P2_CBBT_direct_T0_A0_S0_P0 experiment_config/P2_PeakAwareFactorial/train_config_NCEP_CBBT_24h_dual_direct_T0_A0_S0_P0.sh,All_Results/P2_PeakAwareFactorial
2,experiment_config/P2_PeakAwareFactorial/train_config_NCEP_CBBT_24h_dual_direct_T0_A0_S0_P1.sh,CBBT,direct,0,0,0.025,0,0,0,0,1,0.0035,mse,42,overall,0,0.01,NCEP_CBBT_24h_dual_direct_T0_A0_S0_P1,NCEP_CBBT_24h_dual_direct_T0_A0_S0_P1,NCEP_CBBT_24h_dual_direct_T0_A0_S0_P1,24,max,20,max,20,1e-6,P2_CBBT_direct_T0_A0_S0_P1,qsub_local train.sh P2_CBBT_direct_T0_A0_S0_P1 experiment_config/P2_PeakAwareFactorial/train_config_NCEP_CBBT_24h_dual_direct_T0_A0_S0_P1.sh,All_Results/P2_PeakAwareFactorial
3,experiment_config/P2_PeakAwareFactorial/train_config_NCEP_CBBT_24h_dual_direct_T0_A1_S0_P0.sh,CBBT,direct,0,0,0.025,1,0.0007,0,0,0,0,mse,42,overall,0,0.01,NCEP_CBBT_24h_dual_direct_T0_A1_S0_P0,NCEP_CBBT_24h_dual_direct_T0_A1_S0_P0,NCEP_CBBT_24h_dual_direct_T0_A1_S0_P0,24,max,20,max,20,1e-6,P2_CBBT_direct_T0_A1_S0_P0,qsub_local train.sh P2_CBBT_direct_T0_A1_S0_P0 experiment_config/P2_PeakAwareFactorial/train_config_NCEP_CBBT_24h_dual_direct_T0_A1_S0_P0.sh,All_Results/P2_PeakAwareFactorial
4,experiment_config/P2_PeakAwareFactorial/train_config_NCEP_CBBT_24h_dual_direct_T0_A1_S0_P1.sh,CBBT,direct,0,0,0.025,1,0.0007,0,0,1,0.0035,mse,42,overall,0,0.01,NCEP_CBBT_24h_dual_direct_T0_A1_S0_P1,NCEP_CBBT_24h_dual_direct_T0_A1_S0_P1,NCEP_CBBT_24h_dual_direct_T0_A1_S0_P1,24,max,20,max,20,1e-6,P2_CBBT_direct_T0_A1_S0_P1,qsub_local train.sh P2_CBBT_direct_T0_A1_S0_P1 experiment_config/P2_PeakAwareFactorial/train_config_NCEP_CBBT_24h_dual_direct_T0_A1_S0_P1.sh,All_Results/P2_PeakAwareFactorial
5,experiment_config/P2_PeakAwareFactorial/train_config_NCEP_CBBT_24h_dual_direct_T1_A0_S0_P0.sh,CBBT,direct,1,0.025,0.025,0,0,0,0,0,0,mse_tail,42,overall,0,0.01,NCEP_CBBT_24h_dual_direct_T1_A0_S0_P0,NCEP_CBBT_24h_dual_direct_T1_A0_S0_P0,NCEP_CBBT_24h_dual_direct_T1_A0_S0_P0,24,max,20,max,20,1e-6,P2_CBBT_direct_T1_A0_S0_P0,qsub_local train.sh P2_CBBT_direct_T1_A0_S0_P0 experiment_config/P2_PeakAwareFactorial/train_config_NCEP_CBBT_24h_dual_direct_T1_A0_S0_P0.sh,All_Results/P2_PeakAwareFactorial
6,experiment_config/P2_PeakAwareFactorial/train_config_NCEP_CBBT_24h_dual_direct_T1_A0_S0_P1.sh,CBBT,direct,1,0.025,0.025,0,0,0,0,1,0.0035,mse_tail,42,overall,0,0.01,NCEP_CBBT_24h_dual_direct_T1_A0_S0_P1,NCEP_CBBT_24h_dual_direct_T1_A0_S0_P1,NCEP_CBBT_24h_dual_direct_T1_A0_S0_P1,24,max,20,max,20,1e-6,P2_CBBT_direct_T1_A0_S0_P1,qsub_local train.sh P2_CBBT_direct_T1_A0_S0_P1 experiment_config/P2_PeakAwareFactorial/train_config_NCEP_CBBT_24h_dual_direct_T1_A0_S0_P1.sh,All_Results/P2_PeakAwareFactorial
7,experiment_config/P2_PeakAwareFactorial/train_config_NCEP_CBBT_24h_dual_direct_T1_A1_S0_P0.sh,CBBT,direct,1,0.025,0.025,1,0.0007,0,0,0,0,mse_tail,42,overall,0,0.01,NCEP_CBBT_24h_dual_direct_T1_A1_S0_P0,NCEP_CBBT_24h_dual_direct_T1_A1_S0_P0,NCEP_CBBT_24h_dual_direct_T1_A1_S0_P0,24,max,20,max,20,1e-6,P2_CBBT_direct_T1_A1_S0_P0,qsub_local train.sh P2_CBBT_direct_T1_A1_S0_P0 experiment_config/P2_PeakAwareFactorial/train_config_NCEP_CBBT_24h_dual_direct_T1_A1_S0_P0.sh,All_Results/P2_PeakAwareFactorial
8,experiment_config/P2_PeakAwareFactorial/train_config_NCEP_CBBT_24h_dual_direct_T1_A1_S0_P1.sh,CBBT,direct,1,0.025,0.025,1,0.0007,0,0,1,0.0035,mse_tail,42,overall,0,0.01,NCEP_CBBT_24h_dual_direct_T1_A1_S0_P1,NCEP_CBBT_24h_dual_direct_T1_A1_S0_P1,NCEP_CBBT_24h_dual_direct_T1_A1_S0_P1,24,max,20,max,20,1e-6,P2_CBBT_direct_T1_A1_S0_P1,qsub_local train.sh P2_CBBT_direct_T1_A1_S0_P1 experiment_config/P2_PeakAwareFactorial/train_config_NCEP_CBBT_24h_dual_direct_T1_A1_S0_P1.sh,All_Results/P2_PeakAwareFactorial
9,experiment_config/P2_PeakAwareFactorial/train_config_NCEP_CBBT_24h_dual_severity_T0_A0_S0_P0.sh,CBBT,severity_shape,0,0,0.025,0,0,0,0,0,0,mse,42,overall,0,0.01,NCEP_CBBT_24h_dual_severity_T0_A0_S0_P0,NCEP_CBBT_24h_dual_severity_T0_A0_S0_P0,NCEP_CBBT_24h_dual_severity_T0_A0_S0_P0,24,max,20,max,20,1e-6,P2_CBBT_severity_T0_A0_S0_P0,qsub_local train.sh P2_CBBT_severity_T0_A0_S0_P0 experiment_config/P2_PeakAwareFactorial/train_config_NCEP_CBBT_24h_dual_severity_T0_A0_S0_P0.sh,All_Results/P2_PeakAwareFactorial
10,experiment_config/P2_PeakAwareFactorial/train_config_NCEP_CBBT_24h_dual_severity_T0_A0_S0_P1.sh,CBBT,severity_shape,0,0,0.025,0,0,0,0,1,0.0035,mse,42,overall,0,0.01,NCEP_CBBT_24h_dual_severity_T0_A0_S0_P1,NCEP_CBBT_24h_dual_severity_T0_A0_S0_P1,NCEP_CBBT_24h_dual_severity_T0_A0_S0_P1,24,max,20,max,20,1e-6,P2_CBBT_severity_T0_A0_S0_P1,qsub_local train.sh P2_CBBT_severity_T0_A0_S0_P1 experiment_config/P2_PeakAwareFactorial/train_config_NCEP_CBBT_24h_dual_severity_T0_A0_S0_P1.sh,All_Results/P2_PeakAwareFactorial
11,experiment_config/P2_PeakAwareFactorial/train_config_NCEP_CBBT_24h_dual_severity_T0_A0_S1_P0.sh,CBBT,severity_shape,0,0,0.025,0,0,1,0.00003,0,0,mse,42,overall,0,0.01,NCEP_CBBT_24h_dual_severity_T0_A0_S1_P0,NCEP_CBBT_24h_dual_severity_T0_A0_S1_P0,NCEP_CBBT_24h_dual_severity_T0_A0_S1_P0,24,max,20,max,20,1e-6,P2_CBBT_severity_T0_A0_S1_P0,qsub_local train.sh P2_CBBT_severity_T0_A0_S1_P0 experiment_config/P2_PeakAwareFactorial/train_config_NCEP_CBBT_24h_dual_severity_T0_A0_S1_P0.sh,All_Results/P2_PeakAwareFactorial
12,experiment_config/P2_PeakAwareFactorial/train_config_NCEP_CBBT_24h_dual_severity_T0_A0_S1_P1.sh,CBBT,severity_shape,0,0,0.025,0,0,1,0.00003,1,0.0035,mse,42,overall,0,0.01,NCEP_CBBT_24h_dual_severity_T0_A0_S1_P1,NCEP_CBBT_24h_dual_severity_T0_A0_S1_P1,NCEP_CBBT_24h_dual_severity_T0_A0_S1_P1,24,max,20,max,20,1e-6,P2_CBBT_severity_T0_A0_S1_P1,qsub_local train.sh P2_CBBT_severity_T0_A0_S1_P1 experiment_config/P2_PeakAwareFactorial/train_config_NCEP_CBBT_24h_dual_severity_T0_A0_S1_P1.sh,All_Results/P2_PeakAwareFactorial
13,experiment_config/P2_PeakAwareFactorial/train_config_NCEP_CBBT_24h_dual_severity_T0_A1_S0_P0.sh,CBBT,severity_shape,0,0,0.025,1,0.0025,0,0,0,0,mse,42,overall,0,0.01,NCEP_CBBT_24h_dual_severity_T0_A1_S0_P0,NCEP_CBBT_24h_dual_severity_T0_A1_S0_P0,NCEP_CBBT_24h_dual_severity_T0_A1_S0_P0,24,max,20,max,20,1e-6,P2_CBBT_severity_T0_A1_S0_P0,qsub_local train.sh P2_CBBT_severity_T0_A1_S0_P0 experiment_config/P2_PeakAwareFactorial/train_config_NCEP_CBBT_24h_dual_severity_T0_A1_S0_P0.sh,All_Results/P2_PeakAwareFactorial
14,experiment_config/P2_PeakAwareFactorial/train_config_NCEP_CBBT_24h_dual_severity_T0_A1_S0_P1.sh,CBBT,severity_shape,0,0,0.025,1,0.0025,0,0,1,0.0035,mse,42,overall,0,0.01,NCEP_CBBT_24h_dual_severity_T0_A1_S0_P1,NCEP_CBBT_24h_dual_severity_T0_A1_S0_P1,NCEP_CBBT_24h_dual_severity_T0_A1_S0_P1,24,max,20,max,20,1e-6,P2_CBBT_severity_T0_A1_S0_P1,qsub_local train.sh P2_CBBT_severity_T0_A1_S0_P1 experiment_config/P2_PeakAwareFactorial/train_config_NCEP_CBBT_24h_dual_severity_T0_A1_S0_P1.sh,All_Results/P2_PeakAwareFactorial
15,experiment_config/P2_PeakAwareFactorial/train_config_NCEP_CBBT_24h_dual_severity_T0_A1_S1_P0.sh,CBBT,severity_shape,0,0,0.025,1,0.0025,1,0.00003,0,0,mse,42,overall,0,0.01,NCEP_CBBT_24h_dual_severity_T0_A1_S1_P0,NCEP_CBBT_24h_dual_severity_T0_A1_S1_P0,NCEP_CBBT_24h_dual_severity_T0_A1_S1_P0,24,max,20,max,20,1e-6,P2_CBBT_severity_T0_A1_S1_P0,qsub_local train.sh P2_CBBT_severity_T0_A1_S1_P0 experiment_config/P2_PeakAwareFactorial/train_config_NCEP_CBBT_24h_dual_severity_T0_A1_S1_P0.sh,All_Results/P2_PeakAwareFactorial
16,experiment_config/P2_PeakAwareFactorial/train_config_NCEP_CBBT_24h_dual_severity_T0_A1_S1_P1.sh,CBBT,severity_shape,0,0,0.025,1,0.0025,1,0.00003,1,0.0035,mse,42,overall,0,0.01,NCEP_CBBT_24h_dual_severity_T0_A1_S1_P1,NCEP_CBBT_24h_dual_severity_T0_A1_S1_P1,NCEP_CBBT_24h_dual_severity_T0_A1_S1_P1,24,max,20,max,20,1e-6,P2_CBBT_severity_T0_A1_S1_P1,qsub_local train.sh P2_CBBT_severity_T0_A1_S1_P1 experiment_config/P2_PeakAwareFactorial/train_config_NCEP_CBBT_24h_dual_severity_T0_A1_S1_P1.sh,All_Results/P2_PeakAwareFactorial
17,experiment_config/P2_PeakAwareFactorial/train_config_NCEP_CBBT_24h_dual_severity_T1_A0_S0_P0.sh,CBBT,severity_shape,1,0.025,0.025,0,0,0,0,0,0,mse_tail,42,overall,0,0.01,NCEP_CBBT_24h_dual_severity_T1_A0_S0_P0,NCEP_CBBT_24h_dual_severity_T1_A0_S0_P0,NCEP_CBBT_24h_dual_severity_T1_A0_S0_P0,24,max,20,max,20,1e-6,P2_CBBT_severity_T1_A0_S0_P0,qsub_local train.sh P2_CBBT_severity_T1_A0_S0_P0 experiment_config/P2_PeakAwareFactorial/train_config_NCEP_CBBT_24h_dual_severity_T1_A0_S0_P0.sh,All_Results/P2_PeakAwareFactorial
18,experiment_config/P2_PeakAwareFactorial/train_config_NCEP_CBBT_24h_dual_severity_T1_A0_S0_P1.sh,CBBT,severity_shape,1,0.025,0.025,0,0,0,0,1,0.0035,mse_tail,42,overall,0,0.01,NCEP_CBBT_24h_dual_severity_T1_A0_S0_P1,NCEP_CBBT_24h_dual_severity_T1_A0_S0_P1,NCEP_CBBT_24h_dual_severity_T1_A0_S0_P1,24,max,20,max,20,1e-6,P2_CBBT_severity_T1_A0_S0_P1,qsub_local train.sh P2_CBBT_severity_T1_A0_S0_P1 experiment_config/P2_PeakAwareFactorial/train_config_NCEP_CBBT_24h_dual_severity_T1_A0_S0_P1.sh,All_Results/P2_PeakAwareFactorial
19,experiment_config/P2_PeakAwareFactorial/train_config_NCEP_CBBT_24h_dual_severity_T1_A0_S1_P0.sh,CBBT,severity_shape,1,0.025,0.025,0,0,1,0.00003,0,0,mse_tail,42,overall,0,0.01,NCEP_CBBT_24h_dual_severity_T1_A0_S1_P0,NCEP_CBBT_24h_dual_severity_T1_A0_S1_P0,NCEP_CBBT_24h_dual_severity_T1_A0_S1_P0,24,max,20,max,20,1e-6,P2_CBBT_severity_T1_A0_S1_P0,qsub_local train.sh P2_CBBT_severity_T1_A0_S1_P0 experiment_config/P2_PeakAwareFactorial/train_config_NCEP_CBBT_24h_dual_severity_T1_A0_S1_P0.sh,All_Results/P2_PeakAwareFactorial
20,experiment_config/P2_PeakAwareFactorial/train_config_NCEP_CBBT_24h_dual_severity_T1_A0_S1_P1.sh,CBBT,severity_shape,1,0.025,0.025,0,0,1,0.00003,1,0.0035,mse_tail,42,overall,0,0.01,NCEP_CBBT_24h_dual_severity_T1_A0_S1_P1,NCEP_CBBT_24h_dual_severity_T1_A0_S1_P1,NCEP_CBBT_24h_dual_severity_T1_A0_S1_P1,24,max,20,max,20,1e-6,P2_CBBT_severity_T1_A0_S1_P1,qsub_local train.sh P2_CBBT_severity_T1_A0_S1_P1 experiment_config/P2_PeakAwareFactorial/train_config_NCEP_CBBT_24h_dual_severity_T1_A0_S1_P1.sh,All_Results/P2_PeakAwareFactorial
21,experiment_config/P2_PeakAwareFactorial/train_config_NCEP_CBBT_24h_dual_severity_T1_A1_S0_P0.sh,CBBT,severity_shape,1,0.025,0.025,1,0.0025,0,0,0,0,mse_tail,42,overall,0,0.01,NCEP_CBBT_24h_dual_severity_T1_A1_S0_P0,NCEP_CBBT_24h_dual_severity_T1_A1_S0_P0,NCEP_CBBT_24h_dual_severity_T1_A1_S0_P0,24,max,20,max,20,1e-6,P2_CBBT_severity_T1_A1_S0_P0,qsub_local train.sh P2_CBBT_severity_T1_A1_S0_P0 experiment_config/P2_PeakAwareFactorial/train_config_NCEP_CBBT_24h_dual_severity_T1_A1_S0_P0.sh,All_Results/P2_PeakAwareFactorial
22,experiment_config/P2_PeakAwareFactorial/train_config_NCEP_CBBT_24h_dual_severity_T1_A1_S0_P1.sh,CBBT,severity_shape,1,0.025,0.025,1,0.0025,0,0,1,0.0035,mse_tail,42,overall,0,0.01,NCEP_CBBT_24h_dual_severity_T1_A1_S0_P1,NCEP_CBBT_24h_dual_severity_T1_A1_S0_P1,NCEP_CBBT_24h_dual_severity_T1_A1_S0_P1,24,max,20,max,20,1e-6,P2_CBBT_severity_T1_A1_S0_P1,qsub_local train.sh P2_CBBT_severity_T1_A1_S0_P1 experiment_config/P2_PeakAwareFactorial/train_config_NCEP_CBBT_24h_dual_severity_T1_A1_S0_P1.sh,All_Results/P2_PeakAwareFactorial
23,experiment_config/P2_PeakAwareFactorial/train_config_NCEP_CBBT_24h_dual_severity_T1_A1_S1_P0.sh,CBBT,severity_shape,1,0.025,0.025,1,0.0025,1,0.00003,0,0,mse_tail,42,overall,0,0.01,NCEP_CBBT_24h_dual_severity_T1_A1_S1_P0,NCEP_CBBT_24h_dual_severity_T1_A1_S1_P0,NCEP_CBBT_24h_dual_severity_T1_A1_S1_P0,24,max,20,max,20,1e-6,P2_CBBT_severity_T1_A1_S1_P0,qsub_local train.sh P2_CBBT_severity_T1_A1_S1_P0 experiment_config/P2_PeakAwareFactorial/train_config_NCEP_CBBT_24h_dual_severity_T1_A1_S1_P0.sh,All_Results/P2_PeakAwareFactorial
24,experiment_config/P2_PeakAwareFactorial/train_config_NCEP_CBBT_24h_dual_severity_T1_A1_S1_P1.sh,CBBT,severity_shape,1,0.025,0.025,1,0.0025,1,0.00003,1,0.0035,mse_tail,42,overall,0,0.01,NCEP_CBBT_24h_dual_severity_T1_A1_S1_P1,NCEP_CBBT_24h_dual_severity_T1_A1_S1_P1,NCEP_CBBT_24h_dual_severity_T1_A1_S1_P1,24,max,20,max,20,1e-6,P2_CBBT_severity_T1_A1_S1_P1,qsub_local train.sh P2_CBBT_severity_T1_A1_S1_P1 experiment_config/P2_PeakAwareFactorial/train_config_NCEP_CBBT_24h_dual_severity_T1_A1_S1_P1.sh,All_Results/P2_PeakAwareFactorial
25,experiment_config/P2_PeakAwareFactorial/train_config_NCEP_Lewes_24h_dual_direct_T0_A0_S0_P0.sh,Lewes,direct,0,0,0.025,0,0,0,0,0,0,mse,42,overall,0,0.01,NCEP_Lewes_24h_dual_direct_T0_A0_S0_P0,NCEP_Lewes_24h_dual_direct_T0_A0_S0_P0,NCEP_Lewes_24h_dual_direct_T0_A0_S0_P0,24,max,20,max,20,1e-6,P2_Lewes_direct_T0_A0_S0_P0,qsub_local train.sh P2_Lewes_direct_T0_A0_S0_P0 experiment_config/P2_PeakAwareFactorial/train_config_NCEP_Lewes_24h_dual_direct_T0_A0_S0_P0.sh,All_Results/P2_PeakAwareFactorial
26,experiment_config/P2_PeakAwareFactorial/train_config_NCEP_Lewes_24h_dual_direct_T0_A0_S0_P1.sh,Lewes,direct,0,0,0.025,0,0,0,0,1,0.0035,mse,42,overall,0,0.01,NCEP_Lewes_24h_dual_direct_T0_A0_S0_P1,NCEP_Lewes_24h_dual_direct_T0_A0_S0_P1,NCEP_Lewes_24h_dual_direct_T0_A0_S0_P1,24,max,20,max,20,1e-6,P2_Lewes_direct_T0_A0_S0_P1,qsub_local train.sh P2_Lewes_direct_T0_A0_S0_P1 experiment_config/P2_PeakAwareFactorial/train_config_NCEP_Lewes_24h_dual_direct_T0_A0_S0_P1.sh,All_Results/P2_PeakAwareFactorial
27,experiment_config/P2_PeakAwareFactorial/train_config_NCEP_Lewes_24h_dual_direct_T0_A1_S0_P0.sh,Lewes,direct,0,0,0.025,1,0.0007,0,0,0,0,mse,42,overall,0,0.01,NCEP_Lewes_24h_dual_direct_T0_A1_S0_P0,NCEP_Lewes_24h_dual_direct_T0_A1_S0_P0,NCEP_Lewes_24h_dual_direct_T0_A1_S0_P0,24,max,20,max,20,1e-6,P2_Lewes_direct_T0_A1_S0_P0,qsub_local train.sh P2_Lewes_direct_T0_A1_S0_P0 experiment_config/P2_PeakAwareFactorial/train_config_NCEP_Lewes_24h_dual_direct_T0_A1_S0_P0.sh,All_Results/P2_PeakAwareFactorial
28,experiment_config/P2_PeakAwareFactorial/train_config_NCEP_Lewes_24h_dual_direct_T0_A1_S0_P1.sh,Lewes,direct,0,0,0.025,1,0.0007,0,0,1,0.0035,mse,42,overall,0,0.01,NCEP_Lewes_24h_dual_direct_T0_A1_S0_P1,NCEP_Lewes_24h_dual_direct_T0_A1_S0_P1,NCEP_Lewes_24h_dual_direct_T0_A1_S0_P1,24,max,20,max,20,1e-6,P2_Lewes_direct_T0_A1_S0_P1,qsub_local train.sh P2_Lewes_direct_T0_A1_S0_P1 experiment_config/P2_PeakAwareFactorial/train_config_NCEP_Lewes_24h_dual_direct_T0_A1_S0_P1.sh,All_Results/P2_PeakAwareFactorial
29,experiment_config/P2_PeakAwareFactorial/train_config_NCEP_Lewes_24h_dual_direct_T1_A0_S0_P0.sh,Lewes,direct,1,0.025,0.025,0,0,0,0,0,0,mse_tail,42,overall,0,0.01,NCEP_Lewes_24h_dual_direct_T1_A0_S0_P0,NCEP_Lewes_24h_dual_direct_T1_A0_S0_P0,NCEP_Lewes_24h_dual_direct_T1_A0_S0_P0,24,max,20,max,20,1e-6,P2_Lewes_direct_T1_A0_S0_P0,qsub_local train.sh P2_Lewes_direct_T1_A0_S0_P0 experiment_config/P2_PeakAwareFactorial/train_config_NCEP_Lewes_24h_dual_direct_T1_A0_S0_P0.sh,All_Results/P2_PeakAwareFactorial
30,experiment_config/P2_PeakAwareFactorial/train_config_NCEP_Lewes_24h_dual_direct_T1_A0_S0_P1.sh,Lewes,direct,1,0.025,0.025,0,0,0,0,1,0.0035,mse_tail,42,overall,0,0.01,NCEP_Lewes_24h_dual_direct_T1_A0_S0_P1,NCEP_Lewes_24h_dual_direct_T1_A0_S0_P1,NCEP_Lewes_24h_dual_direct_T1_A0_S0_P1,24,max,20,max,20,1e-6,P2_Lewes_direct_T1_A0_S0_P1,qsub_local train.sh P2_Lewes_direct_T1_A0_S0_P1 experiment_config/P2_PeakAwareFactorial/train_config_NCEP_Lewes_24h_dual_direct_T1_A0_S0_P1.sh,All_Results/P2_PeakAwareFactorial
31,experiment_config/P2_PeakAwareFactorial/train_config_NCEP_Lewes_24h_dual_direct_T1_A1_S0_P0.sh,Lewes,direct,1,0.025,0.025,1,0.0007,0,0,0,0,mse_tail,42,overall,0,0.01,NCEP_Lewes_24h_dual_direct_T1_A1_S0_P0,NCEP_Lewes_24h_dual_direct_T1_A1_S0_P0,NCEP_Lewes_24h_dual_direct_T1_A1_S0_P0,24,max,20,max,20,1e-6,P2_Lewes_direct_T1_A1_S0_P0,qsub_local train.sh P2_Lewes_direct_T1_A1_S0_P0 experiment_config/P2_PeakAwareFactorial/train_config_NCEP_Lewes_24h_dual_direct_T1_A1_S0_P0.sh,All_Results/P2_PeakAwareFactorial
32,experiment_config/P2_PeakAwareFactorial/train_config_NCEP_Lewes_24h_dual_direct_T1_A1_S0_P1.sh,Lewes,direct,1,0.025,0.025,1,0.0007,0,0,1,0.0035,mse_tail,42,overall,0,0.01,NCEP_Lewes_24h_dual_direct_T1_A1_S0_P1,NCEP_Lewes_24h_dual_direct_T1_A1_S0_P1,NCEP_Lewes_24h_dual_direct_T1_A1_S0_P1,24,max,20,max,20,1e-6,P2_Lewes_direct_T1_A1_S0_P1,qsub_local train.sh P2_Lewes_direct_T1_A1_S0_P1 experiment_config/P2_PeakAwareFactorial/train_config_NCEP_Lewes_24h_dual_direct_T1_A1_S0_P1.sh,All_Results/P2_PeakAwareFactorial
33,experiment_config/P2_PeakAwareFactorial/train_config_NCEP_Lewes_24h_dual_severity_T0_A0_S0_P0.sh,Lewes,severity_shape,0,0,0.025,0,0,0,0,0,0,mse,42,overall,0,0.01,NCEP_Lewes_24h_dual_severity_T0_A0_S0_P0,NCEP_Lewes_24h_dual_severity_T0_A0_S0_P0,NCEP_Lewes_24h_dual_severity_T0_A0_S0_P0,24,max,20,max,20,1e-6,P2_Lewes_severity_T0_A0_S0_P0,qsub_local train.sh P2_Lewes_severity_T0_A0_S0_P0 experiment_config/P2_PeakAwareFactorial/train_config_NCEP_Lewes_24h_dual_severity_T0_A0_S0_P0.sh,All_Results/P2_PeakAwareFactorial
34,experiment_config/P2_PeakAwareFactorial/train_config_NCEP_Lewes_24h_dual_severity_T0_A0_S0_P1.sh,Lewes,severity_shape,0,0,0.025,0,0,0,0,1,0.0035,mse,42,overall,0,0.01,NCEP_Lewes_24h_dual_severity_T0_A0_S0_P1,NCEP_Lewes_24h_dual_severity_T0_A0_S0_P1,NCEP_Lewes_24h_dual_severity_T0_A0_S0_P1,24,max,20,max,20,1e-6,P2_Lewes_severity_T0_A0_S0_P1,qsub_local train.sh P2_Lewes_severity_T0_A0_S0_P1 experiment_config/P2_PeakAwareFactorial/train_config_NCEP_Lewes_24h_dual_severity_T0_A0_S0_P1.sh,All_Results/P2_PeakAwareFactorial
35,experiment_config/P2_PeakAwareFactorial/train_config_NCEP_Lewes_24h_dual_severity_T0_A0_S1_P0.sh,Lewes,severity_shape,0,0,0.025,0,0,1,0.00003,0,0,mse,42,overall,0,0.01,NCEP_Lewes_24h_dual_severity_T0_A0_S1_P0,NCEP_Lewes_24h_dual_severity_T0_A0_S1_P0,NCEP_Lewes_24h_dual_severity_T0_A0_S1_P0,24,max,20,max,20,1e-6,P2_Lewes_severity_T0_A0_S1_P0,qsub_local train.sh P2_Lewes_severity_T0_A0_S1_P0 experiment_config/P2_PeakAwareFactorial/train_config_NCEP_Lewes_24h_dual_severity_T0_A0_S1_P0.sh,All_Results/P2_PeakAwareFactorial
36,experiment_config/P2_PeakAwareFactorial/train_config_NCEP_Lewes_24h_dual_severity_T0_A0_S1_P1.sh,Lewes,severity_shape,0,0,0.025,0,0,1,0.00003,1,0.0035,mse,42,overall,0,0.01,NCEP_Lewes_24h_dual_severity_T0_A0_S1_P1,NCEP_Lewes_24h_dual_severity_T0_A0_S1_P1,NCEP_Lewes_24h_dual_severity_T0_A0_S1_P1,24,max,20,max,20,1e-6,P2_Lewes_severity_T0_A0_S1_P1,qsub_local train.sh P2_Lewes_severity_T0_A0_S1_P1 experiment_config/P2_PeakAwareFactorial/train_config_NCEP_Lewes_24h_dual_severity_T0_A0_S1_P1.sh,All_Results/P2_PeakAwareFactorial
37,experiment_config/P2_PeakAwareFactorial/train_config_NCEP_Lewes_24h_dual_severity_T0_A1_S0_P0.sh,Lewes,severity_shape,0,0,0.025,1,0.0025,0,0,0,0,mse,42,overall,0,0.01,NCEP_Lewes_24h_dual_severity_T0_A1_S0_P0,NCEP_Lewes_24h_dual_severity_T0_A1_S0_P0,NCEP_Lewes_24h_dual_severity_T0_A1_S0_P0,24,max,20,max,20,1e-6,P2_Lewes_severity_T0_A1_S0_P0,qsub_local train.sh P2_Lewes_severity_T0_A1_S0_P0 experiment_config/P2_PeakAwareFactorial/train_config_NCEP_Lewes_24h_dual_severity_T0_A1_S0_P0.sh,All_Results/P2_PeakAwareFactorial
38,experiment_config/P2_PeakAwareFactorial/train_config_NCEP_Lewes_24h_dual_severity_T0_A1_S0_P1.sh,Lewes,severity_shape,0,0,0.025,1,0.0025,0,0,1,0.0035,mse,42,overall,0,0.01,NCEP_Lewes_24h_dual_severity_T0_A1_S0_P1,NCEP_Lewes_24h_dual_severity_T0_A1_S0_P1,NCEP_Lewes_24h_dual_severity_T0_A1_S0_P1,24,max,20,max,20,1e-6,P2_Lewes_severity_T0_A1_S0_P1,qsub_local train.sh P2_Lewes_severity_T0_A1_S0_P1 experiment_config/P2_PeakAwareFactorial/train_config_NCEP_Lewes_24h_dual_severity_T0_A1_S0_P1.sh,All_Results/P2_PeakAwareFactorial
39,experiment_config/P2_PeakAwareFactorial/train_config_NCEP_Lewes_24h_dual_severity_T0_A1_S1_P0.sh,Lewes,severity_shape,0,0,0.025,1,0.0025,1,0.00003,0,0,mse,42,overall,0,0.01,NCEP_Lewes_24h_dual_severity_T0_A1_S1_P0,NCEP_Lewes_24h_dual_severity_T0_A1_S1_P0,NCEP_Lewes_24h_dual_severity_T0_A1_S1_P0,24,max,20,max,20,1e-6,P2_Lewes_severity_T0_A1_S1_P0,qsub_local train.sh P2_Lewes_severity_T0_A1_S1_P0 experiment_config/P2_PeakAwareFactorial/train_config_NCEP_Lewes_24h_dual_severity_T0_A1_S1_P0.sh,All_Results/P2_PeakAwareFactorial
40,experiment_config/P2_PeakAwareFactorial/train_config_NCEP_Lewes_24h_dual_severity_T0_A1_S1_P1.sh,Lewes,severity_shape,0,0,0.025,1,0.0025,1,0.00003,1,0.0035,mse,42,overall,0,0.01,NCEP_Lewes_24h_dual_severity_T0_A1_S1_P1,NCEP_Lewes_24h_dual_severity_T0_A1_S1_P1,NCEP_Lewes_24h_dual_severity_T0_A1_S1_P1,24,max,20,max,20,1e-6,P2_Lewes_severity_T0_A1_S1_P1,qsub_local train.sh P2_Lewes_severity_T0_A1_S1_P1 experiment_config/P2_PeakAwareFactorial/train_config_NCEP_Lewes_24h_dual_severity_T0_A1_S1_P1.sh,All_Results/P2_PeakAwareFactorial
41,experiment_config/P2_PeakAwareFactorial/train_config_NCEP_Lewes_24h_dual_severity_T1_A0_S0_P0.sh,Lewes,severity_shape,1,0.025,0.025,0,0,0,0,0,0,mse_tail,42,overall,0,0.01,NCEP_Lewes_24h_dual_severity_T1_A0_S0_P0,NCEP_Lewes_24h_dual_severity_T1_A0_S0_P0,NCEP_Lewes_24h_dual_severity_T1_A0_S0_P0,24,max,20,max,20,1e-6,P2_Lewes_severity_T1_A0_S0_P0,qsub_local train.sh P2_Lewes_severity_T1_A0_S0_P0 experiment_config/P2_PeakAwareFactorial/train_config_NCEP_Lewes_24h_dual_severity_T1_A0_S0_P0.sh,All_Results/P2_PeakAwareFactorial
42,experiment_config/P2_PeakAwareFactorial/train_config_NCEP_Lewes_24h_dual_severity_T1_A0_S0_P1.sh,Lewes,severity_shape,1,0.025,0.025,0,0,0,0,1,0.0035,mse_tail,42,overall,0,0.01,NCEP_Lewes_24h_dual_severity_T1_A0_S0_P1,NCEP_Lewes_24h_dual_severity_T1_A0_S0_P1,NCEP_Lewes_24h_dual_severity_T1_A0_S0_P1,24,max,20,max,20,1e-6,P2_Lewes_severity_T1_A0_S0_P1,qsub_local train.sh P2_Lewes_severity_T1_A0_S0_P1 experiment_config/P2_PeakAwareFactorial/train_config_NCEP_Lewes_24h_dual_severity_T1_A0_S0_P1.sh,All_Results/P2_PeakAwareFactorial
43,experiment_config/P2_PeakAwareFactorial/train_config_NCEP_Lewes_24h_dual_severity_T1_A0_S1_P0.sh,Lewes,severity_shape,1,0.025,0.025,0,0,1,0.00003,0,0,mse_tail,42,overall,0,0.01,NCEP_Lewes_24h_dual_severity_T1_A0_S1_P0,NCEP_Lewes_24h_dual_severity_T1_A0_S1_P0,NCEP_Lewes_24h_dual_severity_T1_A0_S1_P0,24,max,20,max,20,1e-6,P2_Lewes_severity_T1_A0_S1_P0,qsub_local train.sh P2_Lewes_severity_T1_A0_S1_P0 experiment_config/P2_PeakAwareFactorial/train_config_NCEP_Lewes_24h_dual_severity_T1_A0_S1_P0.sh,All_Results/P2_PeakAwareFactorial
44,experiment_config/P2_PeakAwareFactorial/train_config_NCEP_Lewes_24h_dual_severity_T1_A0_S1_P1.sh,Lewes,severity_shape,1,0.025,0.025,0,0,1,0.00003,1,0.0035,mse_tail,42,overall,0,0.01,NCEP_Lewes_24h_dual_severity_T1_A0_S1_P1,NCEP_Lewes_24h_dual_severity_T1_A0_S1_P1,NCEP_Lewes_24h_dual_severity_T1_A0_S1_P1,24,max,20,max,20,1e-6,P2_Lewes_severity_T1_A0_S1_P1,qsub_local train.sh P2_Lewes_severity_T1_A0_S1_P1 experiment_config/P2_PeakAwareFactorial/train_config_NCEP_Lewes_24h_dual_severity_T1_A0_S1_P1.sh,All_Results/P2_PeakAwareFactorial
45,experiment_config/P2_PeakAwareFactorial/train_config_NCEP_Lewes_24h_dual_severity_T1_A1_S0_P0.sh,Lewes,severity_shape,1,0.025,0.025,1,0.0025,0,0,0,0,mse_tail,42,overall,0,0.01,NCEP_Lewes_24h_dual_severity_T1_A1_S0_P0,NCEP_Lewes_24h_dual_severity_T1_A1_S0_P0,NCEP_Lewes_24h_dual_severity_T1_A1_S0_P0,24,max,20,max,20,1e-6,P2_Lewes_severity_T1_A1_S0_P0,qsub_local train.sh P2_Lewes_severity_T1_A1_S0_P0 experiment_config/P2_PeakAwareFactorial/train_config_NCEP_Lewes_24h_dual_severity_T1_A1_S0_P0.sh,All_Results/P2_PeakAwareFactorial
46,experiment_config/P2_PeakAwareFactorial/train_config_NCEP_Lewes_24h_dual_severity_T1_A1_S0_P1.sh,Lewes,severity_shape,1,0.025,0.025,1,0.0025,0,0,1,0.0035,mse_tail,42,overall,0,0.01,NCEP_Lewes_24h_dual_severity_T1_A1_S0_P1,NCEP_Lewes_24h_dual_severity_T1_A1_S0_P1,NCEP_Lewes_24h_dual_severity_T1_A1_S0_P1,24,max,20,max,20,1e-6,P2_Lewes_severity_T1_A1_S0_P1,qsub_local train.sh P2_Lewes_severity_T1_A1_S0_P1 experiment_config/P2_PeakAwareFactorial/train_config_NCEP_Lewes_24h_dual_severity_T1_A1_S0_P1.sh,All_Results/P2_PeakAwareFactorial
47,experiment_config/P2_PeakAwareFactorial/train_config_NCEP_Lewes_24h_dual_severity_T1_A1_S1_P0.sh,Lewes,severity_shape,1,0.025,0.025,1,0.0025,1,0.00003,0,0,mse_tail,42,overall,0,0.01,NCEP_Lewes_24h_dual_severity_T1_A1_S1_P0,NCEP_Lewes_24h_dual_severity_T1_A1_S1_P0,NCEP_Lewes_24h_dual_severity_T1_A1_S1_P0,24,max,20,max,20,1e-6,P2_Lewes_severity_T1_A1_S1_P0,qsub_local train.sh P2_Lewes_severity_T1_A1_S1_P0 experiment_config/P2_PeakAwareFactorial/train_config_NCEP_Lewes_24h_dual_severity_T1_A1_S1_P0.sh,All_Results/P2_PeakAwareFactorial
48,experiment_config/P2_PeakAwareFactorial/train_config_NCEP_Lewes_24h_dual_severity_T1_A1_S1_P1.sh,Lewes,severity_shape,1,0.025,0.025,1,0.0025,1,0.00003,1,0.0035,mse_tail,42,overall,0,0.01,NCEP_Lewes_24h_dual_severity_T1_A1_S1_P1,NCEP_Lewes_24h_dual_severity_T1_A1_S1_P1,NCEP_Lewes_24h_dual_severity_T1_A1_S1_P1,24,max,20,max,20,1e-6,P2_Lewes_severity_T1_A1_S1_P1,qsub_local train.sh P2_Lewes_severity_T1_A1_S1_P1 experiment_config/P2_PeakAwareFactorial/train_config_NCEP_Lewes_24h_dual_severity_T1_A1_S1_P1.sh,All_Results/P2_PeakAwareFactorial
49,experiment_config/P2_PeakAwareFactorial/train_config_NCEP_Battery_24h_dual_direct_T0_A0_S0_P0.sh,Battery,direct,0,0,0.025,0,0,0,0,0,0,mse,42,overall,0,0.01,NCEP_Battery_24h_dual_direct_T0_A0_S0_P0,NCEP_Battery_24h_dual_direct_T0_A0_S0_P0,NCEP_Battery_24h_dual_direct_T0_A0_S0_P0,24,max,20,max,20,1e-6,P2_Battery_direct_T0_A0_S0_P0,qsub_local train.sh P2_Battery_direct_T0_A0_S0_P0 experiment_config/P2_PeakAwareFactorial/train_config_NCEP_Battery_24h_dual_direct_T0_A0_S0_P0.sh,All_Results/P2_PeakAwareFactorial
50,experiment_config/P2_PeakAwareFactorial/train_config_NCEP_Battery_24h_dual_direct_T0_A0_S0_P1.sh,Battery,direct,0,0,0.025,0,0,0,0,1,0.0035,mse,42,overall,0,0.01,NCEP_Battery_24h_dual_direct_T0_A0_S0_P1,NCEP_Battery_24h_dual_direct_T0_A0_S0_P1,NCEP_Battery_24h_dual_direct_T0_A0_S0_P1,24,max,20,max,20,1e-6,P2_Battery_direct_T0_A0_S0_P1,qsub_local train.sh P2_Battery_direct_T0_A0_S0_P1 experiment_config/P2_PeakAwareFactorial/train_config_NCEP_Battery_24h_dual_direct_T0_A0_S0_P1.sh,All_Results/P2_PeakAwareFactorial
51,experiment_config/P2_PeakAwareFactorial/train_config_NCEP_Battery_24h_dual_direct_T0_A1_S0_P0.sh,Battery,direct,0,0,0.025,1,0.0007,0,0,0,0,mse,42,overall,0,0.01,NCEP_Battery_24h_dual_direct_T0_A1_S0_P0,NCEP_Battery_24h_dual_direct_T0_A1_S0_P0,NCEP_Battery_24h_dual_direct_T0_A1_S0_P0,24,max,20,max,20,1e-6,P2_Battery_direct_T0_A1_S0_P0,qsub_local train.sh P2_Battery_direct_T0_A1_S0_P0 experiment_config/P2_PeakAwareFactorial/train_config_NCEP_Battery_24h_dual_direct_T0_A1_S0_P0.sh,All_Results/P2_PeakAwareFactorial
52,experiment_config/P2_PeakAwareFactorial/train_config_NCEP_Battery_24h_dual_direct_T0_A1_S0_P1.sh,Battery,direct,0,0,0.025,1,0.0007,0,0,1,0.0035,mse,42,overall,0,0.01,NCEP_Battery_24h_dual_direct_T0_A1_S0_P1,NCEP_Battery_24h_dual_direct_T0_A1_S0_P1,NCEP_Battery_24h_dual_direct_T0_A1_S0_P1,24,max,20,max,20,1e-6,P2_Battery_direct_T0_A1_S0_P1,qsub_local train.sh P2_Battery_direct_T0_A1_S0_P1 experiment_config/P2_PeakAwareFactorial/train_config_NCEP_Battery_24h_dual_direct_T0_A1_S0_P1.sh,All_Results/P2_PeakAwareFactorial
53,experiment_config/P2_PeakAwareFactorial/train_config_NCEP_Battery_24h_dual_direct_T1_A0_S0_P0.sh,Battery,direct,1,0.025,0.025,0,0,0,0,0,0,mse_tail,42,overall,0,0.01,NCEP_Battery_24h_dual_direct_T1_A0_S0_P0,NCEP_Battery_24h_dual_direct_T1_A0_S0_P0,NCEP_Battery_24h_dual_direct_T1_A0_S0_P0,24,max,20,max,20,1e-6,P2_Battery_direct_T1_A0_S0_P0,qsub_local train.sh P2_Battery_direct_T1_A0_S0_P0 experiment_config/P2_PeakAwareFactorial/train_config_NCEP_Battery_24h_dual_direct_T1_A0_S0_P0.sh,All_Results/P2_PeakAwareFactorial
54,experiment_config/P2_PeakAwareFactorial/train_config_NCEP_Battery_24h_dual_direct_T1_A0_S0_P1.sh,Battery,direct,1,0.025,0.025,0,0,0,0,1,0.0035,mse_tail,42,overall,0,0.01,NCEP_Battery_24h_dual_direct_T1_A0_S0_P1,NCEP_Battery_24h_dual_direct_T1_A0_S0_P1,NCEP_Battery_24h_dual_direct_T1_A0_S0_P1,24,max,20,max,20,1e-6,P2_Battery_direct_T1_A0_S0_P1,qsub_local train.sh P2_Battery_direct_T1_A0_S0_P1 experiment_config/P2_PeakAwareFactorial/train_config_NCEP_Battery_24h_dual_direct_T1_A0_S0_P1.sh,All_Results/P2_PeakAwareFactorial
55,experiment_config/P2_PeakAwareFactorial/train_config_NCEP_Battery_24h_dual_direct_T1_A1_S0_P0.sh,Battery,direct,1,0.025,0.025,1,0.0007,0,0,0,0,mse_tail,42,overall,0,0.01,NCEP_Battery_24h_dual_direct_T1_A1_S0_P0,NCEP_Battery_24h_dual_direct_T1_A1_S0_P0,NCEP_Battery_24h_dual_direct_T1_A1_S0_P0,24,max,20,max,20,1e-6,P2_Battery_direct_T1_A1_S0_P0,qsub_local train.sh P2_Battery_direct_T1_A1_S0_P0 experiment_config/P2_PeakAwareFactorial/train_config_NCEP_Battery_24h_dual_direct_T1_A1_S0_P0.sh,All_Results/P2_PeakAwareFactorial
56,experiment_config/P2_PeakAwareFactorial/train_config_NCEP_Battery_24h_dual_direct_T1_A1_S0_P1.sh,Battery,direct,1,0.025,0.025,1,0.0007,0,0,1,0.0035,mse_tail,42,overall,0,0.01,NCEP_Battery_24h_dual_direct_T1_A1_S0_P1,NCEP_Battery_24h_dual_direct_T1_A1_S0_P1,NCEP_Battery_24h_dual_direct_T1_A1_S0_P1,24,max,20,max,20,1e-6,P2_Battery_direct_T1_A1_S0_P1,qsub_local train.sh P2_Battery_direct_T1_A1_S0_P1 experiment_config/P2_PeakAwareFactorial/train_config_NCEP_Battery_24h_dual_direct_T1_A1_S0_P1.sh,All_Results/P2_PeakAwareFactorial
57,experiment_config/P2_PeakAwareFactorial/train_config_NCEP_Battery_24h_dual_severity_T0_A0_S0_P0.sh,Battery,severity_shape,0,0,0.025,0,0,0,0,0,0,mse,42,overall,0,0.01,NCEP_Battery_24h_dual_severity_T0_A0_S0_P0,NCEP_Battery_24h_dual_severity_T0_A0_S0_P0,NCEP_Battery_24h_dual_severity_T0_A0_S0_P0,24,max,20,max,20,1e-6,P2_Battery_severity_T0_A0_S0_P0,qsub_local train.sh P2_Battery_severity_T0_A0_S0_P0 experiment_config/P2_PeakAwareFactorial/train_config_NCEP_Battery_24h_dual_severity_T0_A0_S0_P0.sh,All_Results/P2_PeakAwareFactorial
58,experiment_config/P2_PeakAwareFactorial/train_config_NCEP_Battery_24h_dual_severity_T0_A0_S0_P1.sh,Battery,severity_shape,0,0,0.025,0,0,0,0,1,0.0035,mse,42,overall,0,0.01,NCEP_Battery_24h_dual_severity_T0_A0_S0_P1,NCEP_Battery_24h_dual_severity_T0_A0_S0_P1,NCEP_Battery_24h_dual_severity_T0_A0_S0_P1,24,max,20,max,20,1e-6,P2_Battery_severity_T0_A0_S0_P1,qsub_local train.sh P2_Battery_severity_T0_A0_S0_P1 experiment_config/P2_PeakAwareFactorial/train_config_NCEP_Battery_24h_dual_severity_T0_A0_S0_P1.sh,All_Results/P2_PeakAwareFactorial
59,experiment_config/P2_PeakAwareFactorial/train_config_NCEP_Battery_24h_dual_severity_T0_A0_S1_P0.sh,Battery,severity_shape,0,0,0.025,0,0,1,0.00003,0,0,mse,42,overall,0,0.01,NCEP_Battery_24h_dual_severity_T0_A0_S1_P0,NCEP_Battery_24h_dual_severity_T0_A0_S1_P0,NCEP_Battery_24h_dual_severity_T0_A0_S1_P0,24,max,20,max,20,1e-6,P2_Battery_severity_T0_A0_S1_P0,qsub_local train.sh P2_Battery_severity_T0_A0_S1_P0 experiment_config/P2_PeakAwareFactorial/train_config_NCEP_Battery_24h_dual_severity_T0_A0_S1_P0.sh,All_Results/P2_PeakAwareFactorial
60,experiment_config/P2_PeakAwareFactorial/train_config_NCEP_Battery_24h_dual_severity_T0_A0_S1_P1.sh,Battery,severity_shape,0,0,0.025,0,0,1,0.00003,1,0.0035,mse,42,overall,0,0.01,NCEP_Battery_24h_dual_severity_T0_A0_S1_P1,NCEP_Battery_24h_dual_severity_T0_A0_S1_P1,NCEP_Battery_24h_dual_severity_T0_A0_S1_P1,24,max,20,max,20,1e-6,P2_Battery_severity_T0_A0_S1_P1,qsub_local train.sh P2_Battery_severity_T0_A0_S1_P1 experiment_config/P2_PeakAwareFactorial/train_config_NCEP_Battery_24h_dual_severity_T0_A0_S1_P1.sh,All_Results/P2_PeakAwareFactorial
61,experiment_config/P2_PeakAwareFactorial/train_config_NCEP_Battery_24h_dual_severity_T0_A1_S0_P0.sh,Battery,severity_shape,0,0,0.025,1,0.0025,0,0,0,0,mse,42,overall,0,0.01,NCEP_Battery_24h_dual_severity_T0_A1_S0_P0,NCEP_Battery_24h_dual_severity_T0_A1_S0_P0,NCEP_Battery_24h_dual_severity_T0_A1_S0_P0,24,max,20,max,20,1e-6,P2_Battery_severity_T0_A1_S0_P0,qsub_local train.sh P2_Battery_severity_T0_A1_S0_P0 experiment_config/P2_PeakAwareFactorial/train_config_NCEP_Battery_24h_dual_severity_T0_A1_S0_P0.sh,All_Results/P2_PeakAwareFactorial
62,experiment_config/P2_PeakAwareFactorial/train_config_NCEP_Battery_24h_dual_severity_T0_A1_S0_P1.sh,Battery,severity_shape,0,0,0.025,1,0.0025,0,0,1,0.0035,mse,42,overall,0,0.01,NCEP_Battery_24h_dual_severity_T0_A1_S0_P1,NCEP_Battery_24h_dual_severity_T0_A1_S0_P1,NCEP_Battery_24h_dual_severity_T0_A1_S0_P1,24,max,20,max,20,1e-6,P2_Battery_severity_T0_A1_S0_P1,qsub_local train.sh P2_Battery_severity_T0_A1_S0_P1 experiment_config/P2_PeakAwareFactorial/train_config_NCEP_Battery_24h_dual_severity_T0_A1_S0_P1.sh,All_Results/P2_PeakAwareFactorial
63,experiment_config/P2_PeakAwareFactorial/train_config_NCEP_Battery_24h_dual_severity_T0_A1_S1_P0.sh,Battery,severity_shape,0,0,0.025,1,0.0025,1,0.00003,0,0,mse,42,overall,0,0.01,NCEP_Battery_24h_dual_severity_T0_A1_S1_P0,NCEP_Battery_24h_dual_severity_T0_A1_S1_P0,NCEP_Battery_24h_dual_severity_T0_A1_S1_P0,24,max,20,max,20,1e-6,P2_Battery_severity_T0_A1_S1_P0,qsub_local train.sh P2_Battery_severity_T0_A1_S1_P0 experiment_config/P2_PeakAwareFactorial/train_config_NCEP_Battery_24h_dual_severity_T0_A1_S1_P0.sh,All_Results/P2_PeakAwareFactorial
64,experiment_config/P2_PeakAwareFactorial/train_config_NCEP_Battery_24h_dual_severity_T0_A1_S1_P1.sh,Battery,severity_shape,0,0,0.025,1,0.0025,1,0.00003,1,0.0035,mse,42,overall,0,0.01,NCEP_Battery_24h_dual_severity_T0_A1_S1_P1,NCEP_Battery_24h_dual_severity_T0_A1_S1_P1,NCEP_Battery_24h_dual_severity_T0_A1_S1_P1,24,max,20,max,20,1e-6,P2_Battery_severity_T0_A1_S1_P1,qsub_local train.sh P2_Battery_severity_T0_A1_S1_P1 experiment_config/P2_PeakAwareFactorial/train_config_NCEP_Battery_24h_dual_severity_T0_A1_S1_P1.sh,All_Results/P2_PeakAwareFactorial
65,experiment_config/P2_PeakAwareFactorial/train_config_NCEP_Battery_24h_dual_severity_T1_A0_S0_P0.sh,Battery,severity_shape,1,0.025,0.025,0,0,0,0,0,0,mse_tail,42,overall,0,0.01,NCEP_Battery_24h_dual_severity_T1_A0_S0_P0,NCEP_Battery_24h_dual_severity_T1_A0_S0_P0,NCEP_Battery_24h_dual_severity_T1_A0_S0_P0,24,max,20,max,20,1e-6,P2_Battery_severity_T1_A0_S0_P0,qsub_local train.sh P2_Battery_severity_T1_A0_S0_P0 experiment_config/P2_PeakAwareFactorial/train_config_NCEP_Battery_24h_dual_severity_T1_A0_S0_P0.sh,All_Results/P2_PeakAwareFactorial
66,experiment_config/P2_PeakAwareFactorial/train_config_NCEP_Battery_24h_dual_severity_T1_A0_S0_P1.sh,Battery,severity_shape,1,0.025,0.025,0,0,0,0,1,0.0035,mse_tail,42,overall,0,0.01,NCEP_Battery_24h_dual_severity_T1_A0_S0_P1,NCEP_Battery_24h_dual_severity_T1_A0_S0_P1,NCEP_Battery_24h_dual_severity_T1_A0_S0_P1,24,max,20,max,20,1e-6,P2_Battery_severity_T1_A0_S0_P1,qsub_local train.sh P2_Battery_severity_T1_A0_S0_P1 experiment_config/P2_PeakAwareFactorial/train_config_NCEP_Battery_24h_dual_severity_T1_A0_S0_P1.sh,All_Results/P2_PeakAwareFactorial
67,experiment_config/P2_PeakAwareFactorial/train_config_NCEP_Battery_24h_dual_severity_T1_A0_S1_P0.sh,Battery,severity_shape,1,0.025,0.025,0,0,1,0.00003,0,0,mse_tail,42,overall,0,0.01,NCEP_Battery_24h_dual_severity_T1_A0_S1_P0,NCEP_Battery_24h_dual_severity_T1_A0_S1_P0,NCEP_Battery_24h_dual_severity_T1_A0_S1_P0,24,max,20,max,20,1e-6,P2_Battery_severity_T1_A0_S1_P0,qsub_local train.sh P2_Battery_severity_T1_A0_S1_P0 experiment_config/P2_PeakAwareFactorial/train_config_NCEP_Battery_24h_dual_severity_T1_A0_S1_P0.sh,All_Results/P2_PeakAwareFactorial
68,experiment_config/P2_PeakAwareFactorial/train_config_NCEP_Battery_24h_dual_severity_T1_A0_S1_P1.sh,Battery,severity_shape,1,0.025,0.025,0,0,1,0.00003,1,0.0035,mse_tail,42,overall,0,0.01,NCEP_Battery_24h_dual_severity_T1_A0_S1_P1,NCEP_Battery_24h_dual_severity_T1_A0_S1_P1,NCEP_Battery_24h_dual_severity_T1_A0_S1_P1,24,max,20,max,20,1e-6,P2_Battery_severity_T1_A0_S1_P1,qsub_local train.sh P2_Battery_severity_T1_A0_S1_P1 experiment_config/P2_PeakAwareFactorial/train_config_NCEP_Battery_24h_dual_severity_T1_A0_S1_P1.sh,All_Results/P2_PeakAwareFactorial
69,experiment_config/P2_PeakAwareFactorial/train_config_NCEP_Battery_24h_dual_severity_T1_A1_S0_P0.sh,Battery,severity_shape,1,0.025,0.025,1,0.0025,0,0,0,0,mse_tail,42,overall,0,0.01,NCEP_Battery_24h_dual_severity_T1_A1_S0_P0,NCEP_Battery_24h_dual_severity_T1_A1_S0_P0,NCEP_Battery_24h_dual_severity_T1_A1_S0_P0,24,max,20,max,20,1e-6,P2_Battery_severity_T1_A1_S0_P0,qsub_local train.sh P2_Battery_severity_T1_A1_S0_P0 experiment_config/P2_PeakAwareFactorial/train_config_NCEP_Battery_24h_dual_severity_T1_A1_S0_P0.sh,All_Results/P2_PeakAwareFactorial
70,experiment_config/P2_PeakAwareFactorial/train_config_NCEP_Battery_24h_dual_severity_T1_A1_S0_P1.sh,Battery,severity_shape,1,0.025,0.025,1,0.0025,0,0,1,0.0035,mse_tail,42,overall,0,0.01,NCEP_Battery_24h_dual_severity_T1_A1_S0_P1,NCEP_Battery_24h_dual_severity_T1_A1_S0_P1,NCEP_Battery_24h_dual_severity_T1_A1_S0_P1,24,max,20,max,20,1e-6,P2_Battery_severity_T1_A1_S0_P1,qsub_local train.sh P2_Battery_severity_T1_A1_S0_P1 experiment_config/P2_PeakAwareFactorial/train_config_NCEP_Battery_24h_dual_severity_T1_A1_S0_P1.sh,All_Results/P2_PeakAwareFactorial
71,experiment_config/P2_PeakAwareFactorial/train_config_NCEP_Battery_24h_dual_severity_T1_A1_S1_P0.sh,Battery,severity_shape,1,0.025,0.025,1,0.0025,1,0.00003,0,0,mse_tail,42,overall,0,0.01,NCEP_Battery_24h_dual_severity_T1_A1_S1_P0,NCEP_Battery_24h_dual_severity_T1_A1_S1_P0,NCEP_Battery_24h_dual_severity_T1_A1_S1_P0,24,max,20,max,20,1e-6,P2_Battery_severity_T1_A1_S1_P0,qsub_local train.sh P2_Battery_severity_T1_A1_S1_P0 experiment_config/P2_PeakAwareFactorial/train_config_NCEP_Battery_24h_dual_severity_T1_A1_S1_P0.sh,All_Results/P2_PeakAwareFactorial
72,experiment_config/P2_PeakAwareFactorial/train_config_NCEP_Battery_24h_dual_severity_T1_A1_S1_P1.sh,Battery,severity_shape,1,0.025,0.025,1,0.0025,1,0.00003,1,0.0035,mse_tail,42,overall,0,0.01,NCEP_Battery_24h_dual_severity_T1_A1_S1_P1,NCEP_Battery_24h_dual_severity_T1_A1_S1_P1,NCEP_Battery_24h_dual_severity_T1_A1_S1_P1,24,max,20,max,20,1e-6,P2_Battery_severity_T1_A1_S1_P1,qsub_local train.sh P2_Battery_severity_T1_A1_S1_P1 experiment_config/P2_PeakAwareFactorial/train_config_NCEP_Battery_24h_dual_severity_T1_A1_S1_P1.sh,All_Results/P2_PeakAwareFactorial
73,experiment_config/P2_PeakAwareFactorial/train_config_NCEP_Boston_24h_dual_direct_T0_A0_S0_P0.sh,Boston,direct,0,0,0.025,0,0,0,0,0,0,mse,42,overall,0,0.01,NCEP_Boston_24h_dual_direct_T0_A0_S0_P0,NCEP_Boston_24h_dual_direct_T0_A0_S0_P0,NCEP_Boston_24h_dual_direct_T0_A0_S0_P0,24,max,20,max,20,1e-6,P2_Boston_direct_T0_A0_S0_P0,qsub_local train.sh P2_Boston_direct_T0_A0_S0_P0 experiment_config/P2_PeakAwareFactorial/train_config_NCEP_Boston_24h_dual_direct_T0_A0_S0_P0.sh,All_Results/P2_PeakAwareFactorial
74,experiment_config/P2_PeakAwareFactorial/train_config_NCEP_Boston_24h_dual_direct_T0_A0_S0_P1.sh,Boston,direct,0,0,0.025,0,0,0,0,1,0.0035,mse,42,overall,0,0.01,NCEP_Boston_24h_dual_direct_T0_A0_S0_P1,NCEP_Boston_24h_dual_direct_T0_A0_S0_P1,NCEP_Boston_24h_dual_direct_T0_A0_S0_P1,24,max,20,max,20,1e-6,P2_Boston_direct_T0_A0_S0_P1,qsub_local train.sh P2_Boston_direct_T0_A0_S0_P1 experiment_config/P2_PeakAwareFactorial/train_config_NCEP_Boston_24h_dual_direct_T0_A0_S0_P1.sh,All_Results/P2_PeakAwareFactorial
75,experiment_config/P2_PeakAwareFactorial/train_config_NCEP_Boston_24h_dual_direct_T0_A1_S0_P0.sh,Boston,direct,0,0,0.025,1,0.0007,0,0,0,0,mse,42,overall,0,0.01,NCEP_Boston_24h_dual_direct_T0_A1_S0_P0,NCEP_Boston_24h_dual_direct_T0_A1_S0_P0,NCEP_Boston_24h_dual_direct_T0_A1_S0_P0,24,max,20,max,20,1e-6,P2_Boston_direct_T0_A1_S0_P0,qsub_local train.sh P2_Boston_direct_T0_A1_S0_P0 experiment_config/P2_PeakAwareFactorial/train_config_NCEP_Boston_24h_dual_direct_T0_A1_S0_P0.sh,All_Results/P2_PeakAwareFactorial
76,experiment_config/P2_PeakAwareFactorial/train_config_NCEP_Boston_24h_dual_direct_T0_A1_S0_P1.sh,Boston,direct,0,0,0.025,1,0.0007,0,0,1,0.0035,mse,42,overall,0,0.01,NCEP_Boston_24h_dual_direct_T0_A1_S0_P1,NCEP_Boston_24h_dual_direct_T0_A1_S0_P1,NCEP_Boston_24h_dual_direct_T0_A1_S0_P1,24,max,20,max,20,1e-6,P2_Boston_direct_T0_A1_S0_P1,qsub_local train.sh P2_Boston_direct_T0_A1_S0_P1 experiment_config/P2_PeakAwareFactorial/train_config_NCEP_Boston_24h_dual_direct_T0_A1_S0_P1.sh,All_Results/P2_PeakAwareFactorial
77,experiment_config/P2_PeakAwareFactorial/train_config_NCEP_Boston_24h_dual_direct_T1_A0_S0_P0.sh,Boston,direct,1,0.025,0.025,0,0,0,0,0,0,mse_tail,42,overall,0,0.01,NCEP_Boston_24h_dual_direct_T1_A0_S0_P0,NCEP_Boston_24h_dual_direct_T1_A0_S0_P0,NCEP_Boston_24h_dual_direct_T1_A0_S0_P0,24,max,20,max,20,1e-6,P2_Boston_direct_T1_A0_S0_P0,qsub_local train.sh P2_Boston_direct_T1_A0_S0_P0 experiment_config/P2_PeakAwareFactorial/train_config_NCEP_Boston_24h_dual_direct_T1_A0_S0_P0.sh,All_Results/P2_PeakAwareFactorial
78,experiment_config/P2_PeakAwareFactorial/train_config_NCEP_Boston_24h_dual_direct_T1_A0_S0_P1.sh,Boston,direct,1,0.025,0.025,0,0,0,0,1,0.0035,mse_tail,42,overall,0,0.01,NCEP_Boston_24h_dual_direct_T1_A0_S0_P1,NCEP_Boston_24h_dual_direct_T1_A0_S0_P1,NCEP_Boston_24h_dual_direct_T1_A0_S0_P1,24,max,20,max,20,1e-6,P2_Boston_direct_T1_A0_S0_P1,qsub_local train.sh P2_Boston_direct_T1_A0_S0_P1 experiment_config/P2_PeakAwareFactorial/train_config_NCEP_Boston_24h_dual_direct_T1_A0_S0_P1.sh,All_Results/P2_PeakAwareFactorial
79,experiment_config/P2_PeakAwareFactorial/train_config_NCEP_Boston_24h_dual_direct_T1_A1_S0_P0.sh,Boston,direct,1,0.025,0.025,1,0.0007,0,0,0,0,mse_tail,42,overall,0,0.01,NCEP_Boston_24h_dual_direct_T1_A1_S0_P0,NCEP_Boston_24h_dual_direct_T1_A1_S0_P0,NCEP_Boston_24h_dual_direct_T1_A1_S0_P0,24,max,20,max,20,1e-6,P2_Boston_direct_T1_A1_S0_P0,qsub_local train.sh P2_Boston_direct_T1_A1_S0_P0 experiment_config/P2_PeakAwareFactorial/train_config_NCEP_Boston_24h_dual_direct_T1_A1_S0_P0.sh,All_Results/P2_PeakAwareFactorial
80,experiment_config/P2_PeakAwareFactorial/train_config_NCEP_Boston_24h_dual_direct_T1_A1_S0_P1.sh,Boston,direct,1,0.025,0.025,1,0.0007,0,0,1,0.0035,mse_tail,42,overall,0,0.01,NCEP_Boston_24h_dual_direct_T1_A1_S0_P1,NCEP_Boston_24h_dual_direct_T1_A1_S0_P1,NCEP_Boston_24h_dual_direct_T1_A1_S0_P1,24,max,20,max,20,1e-6,P2_Boston_direct_T1_A1_S0_P1,qsub_local train.sh P2_Boston_direct_T1_A1_S0_P1 experiment_config/P2_PeakAwareFactorial/train_config_NCEP_Boston_24h_dual_direct_T1_A1_S0_P1.sh,All_Results/P2_PeakAwareFactorial
81,experiment_config/P2_PeakAwareFactorial/train_config_NCEP_Boston_24h_dual_severity_T0_A0_S0_P0.sh,Boston,severity_shape,0,0,0.025,0,0,0,0,0,0,mse,42,overall,0,0.01,NCEP_Boston_24h_dual_severity_T0_A0_S0_P0,NCEP_Boston_24h_dual_severity_T0_A0_S0_P0,NCEP_Boston_24h_dual_severity_T0_A0_S0_P0,24,max,20,max,20,1e-6,P2_Boston_severity_T0_A0_S0_P0,qsub_local train.sh P2_Boston_severity_T0_A0_S0_P0 experiment_config/P2_PeakAwareFactorial/train_config_NCEP_Boston_24h_dual_severity_T0_A0_S0_P0.sh,All_Results/P2_PeakAwareFactorial
82,experiment_config/P2_PeakAwareFactorial/train_config_NCEP_Boston_24h_dual_severity_T0_A0_S0_P1.sh,Boston,severity_shape,0,0,0.025,0,0,0,0,1,0.0035,mse,42,overall,0,0.01,NCEP_Boston_24h_dual_severity_T0_A0_S0_P1,NCEP_Boston_24h_dual_severity_T0_A0_S0_P1,NCEP_Boston_24h_dual_severity_T0_A0_S0_P1,24,max,20,max,20,1e-6,P2_Boston_severity_T0_A0_S0_P1,qsub_local train.sh P2_Boston_severity_T0_A0_S0_P1 experiment_config/P2_PeakAwareFactorial/train_config_NCEP_Boston_24h_dual_severity_T0_A0_S0_P1.sh,All_Results/P2_PeakAwareFactorial
83,experiment_config/P2_PeakAwareFactorial/train_config_NCEP_Boston_24h_dual_severity_T0_A0_S1_P0.sh,Boston,severity_shape,0,0,0.025,0,0,1,0.00003,0,0,mse,42,overall,0,0.01,NCEP_Boston_24h_dual_severity_T0_A0_S1_P0,NCEP_Boston_24h_dual_severity_T0_A0_S1_P0,NCEP_Boston_24h_dual_severity_T0_A0_S1_P0,24,max,20,max,20,1e-6,P2_Boston_severity_T0_A0_S1_P0,qsub_local train.sh P2_Boston_severity_T0_A0_S1_P0 experiment_config/P2_PeakAwareFactorial/train_config_NCEP_Boston_24h_dual_severity_T0_A0_S1_P0.sh,All_Results/P2_PeakAwareFactorial
84,experiment_config/P2_PeakAwareFactorial/train_config_NCEP_Boston_24h_dual_severity_T0_A0_S1_P1.sh,Boston,severity_shape,0,0,0.025,0,0,1,0.00003,1,0.0035,mse,42,overall,0,0.01,NCEP_Boston_24h_dual_severity_T0_A0_S1_P1,NCEP_Boston_24h_dual_severity_T0_A0_S1_P1,NCEP_Boston_24h_dual_severity_T0_A0_S1_P1,24,max,20,max,20,1e-6,P2_Boston_severity_T0_A0_S1_P1,qsub_local train.sh P2_Boston_severity_T0_A0_S1_P1 experiment_config/P2_PeakAwareFactorial/train_config_NCEP_Boston_24h_dual_severity_T0_A0_S1_P1.sh,All_Results/P2_PeakAwareFactorial
85,experiment_config/P2_PeakAwareFactorial/train_config_NCEP_Boston_24h_dual_severity_T0_A1_S0_P0.sh,Boston,severity_shape,0,0,0.025,1,0.0025,0,0,0,0,mse,42,overall,0,0.01,NCEP_Boston_24h_dual_severity_T0_A1_S0_P0,NCEP_Boston_24h_dual_severity_T0_A1_S0_P0,NCEP_Boston_24h_dual_severity_T0_A1_S0_P0,24,max,20,max,20,1e-6,P2_Boston_severity_T0_A1_S0_P0,qsub_local train.sh P2_Boston_severity_T0_A1_S0_P0 experiment_config/P2_PeakAwareFactorial/train_config_NCEP_Boston_24h_dual_severity_T0_A1_S0_P0.sh,All_Results/P2_PeakAwareFactorial
86,experiment_config/P2_PeakAwareFactorial/train_config_NCEP_Boston_24h_dual_severity_T0_A1_S0_P1.sh,Boston,severity_shape,0,0,0.025,1,0.0025,0,0,1,0.0035,mse,42,overall,0,0.01,NCEP_Boston_24h_dual_severity_T0_A1_S0_P1,NCEP_Boston_24h_dual_severity_T0_A1_S0_P1,NCEP_Boston_24h_dual_severity_T0_A1_S0_P1,24,max,20,max,20,1e-6,P2_Boston_severity_T0_A1_S0_P1,qsub_local train.sh P2_Boston_severity_T0_A1_S0_P1 experiment_config/P2_PeakAwareFactorial/train_config_NCEP_Boston_24h_dual_severity_T0_A1_S0_P1.sh,All_Results/P2_PeakAwareFactorial
87,experiment_config/P2_PeakAwareFactorial/train_config_NCEP_Boston_24h_dual_severity_T0_A1_S1_P0.sh,Boston,severity_shape,0,0,0.025,1,0.0025,1,0.00003,0,0,mse,42,overall,0,0.01,NCEP_Boston_24h_dual_severity_T0_A1_S1_P0,NCEP_Boston_24h_dual_severity_T0_A1_S1_P0,NCEP_Boston_24h_dual_severity_T0_A1_S1_P0,24,max,20,max,20,1e-6,P2_Boston_severity_T0_A1_S1_P0,qsub_local train.sh P2_Boston_severity_T0_A1_S1_P0 experiment_config/P2_PeakAwareFactorial/train_config_NCEP_Boston_24h_dual_severity_T0_A1_S1_P0.sh,All_Results/P2_PeakAwareFactorial
88,experiment_config/P2_PeakAwareFactorial/train_config_NCEP_Boston_24h_dual_severity_T0_A1_S1_P1.sh,Boston,severity_shape,0,0,0.025,1,0.0025,1,0.00003,1,0.0035,mse,42,overall,0,0.01,NCEP_Boston_24h_dual_severity_T0_A1_S1_P1,NCEP_Boston_24h_dual_severity_T0_A1_S1_P1,NCEP_Boston_24h_dual_severity_T0_A1_S1_P1,24,max,20,max,20,1e-6,P2_Boston_severity_T0_A1_S1_P1,qsub_local train.sh P2_Boston_severity_T0_A1_S1_P1 experiment_config/P2_PeakAwareFactorial/train_config_NCEP_Boston_24h_dual_severity_T0_A1_S1_P1.sh,All_Results/P2_PeakAwareFactorial
89,experiment_config/P2_PeakAwareFactorial/train_config_NCEP_Boston_24h_dual_severity_T1_A0_S0_P0.sh,Boston,severity_shape,1,0.025,0.025,0,0,0,0,0,0,mse_tail,42,overall,0,0.01,NCEP_Boston_24h_dual_severity_T1_A0_S0_P0,NCEP_Boston_24h_dual_severity_T1_A0_S0_P0,NCEP_Boston_24h_dual_severity_T1_A0_S0_P0,24,max,20,max,20,1e-6,P2_Boston_severity_T1_A0_S0_P0,qsub_local train.sh P2_Boston_severity_T1_A0_S0_P0 experiment_config/P2_PeakAwareFactorial/train_config_NCEP_Boston_24h_dual_severity_T1_A0_S0_P0.sh,All_Results/P2_PeakAwareFactorial
90,experiment_config/P2_PeakAwareFactorial/train_config_NCEP_Boston_24h_dual_severity_T1_A0_S0_P1.sh,Boston,severity_shape,1,0.025,0.025,0,0,0,0,1,0.0035,mse_tail,42,overall,0,0.01,NCEP_Boston_24h_dual_severity_T1_A0_S0_P1,NCEP_Boston_24h_dual_severity_T1_A0_S0_P1,NCEP_Boston_24h_dual_severity_T1_A0_S0_P1,24,max,20,max,20,1e-6,P2_Boston_severity_T1_A0_S0_P1,qsub_local train.sh P2_Boston_severity_T1_A0_S0_P1 experiment_config/P2_PeakAwareFactorial/train_config_NCEP_Boston_24h_dual_severity_T1_A0_S0_P1.sh,All_Results/P2_PeakAwareFactorial
91,experiment_config/P2_PeakAwareFactorial/train_config_NCEP_Boston_24h_dual_severity_T1_A0_S1_P0.sh,Boston,severity_shape,1,0.025,0.025,0,0,1,0.00003,0,0,mse_tail,42,overall,0,0.01,NCEP_Boston_24h_dual_severity_T1_A0_S1_P0,NCEP_Boston_24h_dual_severity_T1_A0_S1_P0,NCEP_Boston_24h_dual_severity_T1_A0_S1_P0,24,max,20,max,20,1e-6,P2_Boston_severity_T1_A0_S1_P0,qsub_local train.sh P2_Boston_severity_T1_A0_S1_P0 experiment_config/P2_PeakAwareFactorial/train_config_NCEP_Boston_24h_dual_severity_T1_A0_S1_P0.sh,All_Results/P2_PeakAwareFactorial
92,experiment_config/P2_PeakAwareFactorial/train_config_NCEP_Boston_24h_dual_severity_T1_A0_S1_P1.sh,Boston,severity_shape,1,0.025,0.025,0,0,1,0.00003,1,0.0035,mse_tail,42,overall,0,0.01,NCEP_Boston_24h_dual_severity_T1_A0_S1_P1,NCEP_Boston_24h_dual_severity_T1_A0_S1_P1,NCEP_Boston_24h_dual_severity_T1_A0_S1_P1,24,max,20,max,20,1e-6,P2_Boston_severity_T1_A0_S1_P1,qsub_local train.sh P2_Boston_severity_T1_A0_S1_P1 experiment_config/P2_PeakAwareFactorial/train_config_NCEP_Boston_24h_dual_severity_T1_A0_S1_P1.sh,All_Results/P2_PeakAwareFactorial
93,experiment_config/P2_PeakAwareFactorial/train_config_NCEP_Boston_24h_dual_severity_T1_A1_S0_P0.sh,Boston,severity_shape,1,0.025,0.025,1,0.0025,0,0,0,0,mse_tail,42,overall,0,0.01,NCEP_Boston_24h_dual_severity_T1_A1_S0_P0,NCEP_Boston_24h_dual_severity_T1_A1_S0_P0,NCEP_Boston_24h_dual_severity_T1_A1_S0_P0,24,max,20,max,20,1e-6,P2_Boston_severity_T1_A1_S0_P0,qsub_local train.sh P2_Boston_severity_T1_A1_S0_P0 experiment_config/P2_PeakAwareFactorial/train_config_NCEP_Boston_24h_dual_severity_T1_A1_S0_P0.sh,All_Results/P2_PeakAwareFactorial
94,experiment_config/P2_PeakAwareFactorial/train_config_NCEP_Boston_24h_dual_severity_T1_A1_S0_P1.sh,Boston,severity_shape,1,0.025,0.025,1,0.0025,0,0,1,0.0035,mse_tail,42,overall,0,0.01,NCEP_Boston_24h_dual_severity_T1_A1_S0_P1,NCEP_Boston_24h_dual_severity_T1_A1_S0_P1,NCEP_Boston_24h_dual_severity_T1_A1_S0_P1,24,max,20,max,20,1e-6,P2_Boston_severity_T1_A1_S0_P1,qsub_local train.sh P2_Boston_severity_T1_A1_S0_P1 experiment_config/P2_PeakAwareFactorial/train_config_NCEP_Boston_24h_dual_severity_T1_A1_S0_P1.sh,All_Results/P2_PeakAwareFactorial
95,experiment_config/P2_PeakAwareFactorial/train_config_NCEP_Boston_24h_dual_severity_T1_A1_S1_P0.sh,Boston,severity_shape,1,0.025,0.025,1,0.0025,1,0.00003,0,0,mse_tail,42,overall,0,0.01,NCEP_Boston_24h_dual_severity_T1_A1_S1_P0,NCEP_Boston_24h_dual_severity_T1_A1_S1_P0,NCEP_Boston_24h_dual_severity_T1_A1_S1_P0,24,max,20,max,20,1e-6,P2_Boston_severity_T1_A1_S1_P0,qsub_local train.sh P2_Boston_severity_T1_A1_S1_P0 experiment_config/P2_PeakAwareFactorial/train_config_NCEP_Boston_24h_dual_severity_T1_A1_S1_P0.sh,All_Results/P2_PeakAwareFactorial
96,experiment_config/P2_PeakAwareFactorial/train_config_NCEP_Boston_24h_dual_severity_T1_A1_S1_P1.sh,Boston,severity_shape,1,0.025,0.025,1,0.0025,1,0.00003,1,0.0035,mse_tail,42,overall,0,0.01,NCEP_Boston_24h_dual_severity_T1_A1_S1_P1,NCEP_Boston_24h_dual_severity_T1_A1_S1_P1,NCEP_Boston_24h_dual_severity_T1_A1_S1_P1,24,max,20,max,20,1e-6,P2_Boston_severity_T1_A1_S1_P1,qsub_local train.sh P2_Boston_severity_T1_A1_S1_P1 experiment_config/P2_PeakAwareFactorial/train_config_NCEP_Boston_24h_dual_severity_T1_A1_S1_P1.sh,All_Results/P2_PeakAwareFactorial
