group,dataset,variant,tail_mse_weight,episode_gt_aligned_peak_mse_weight,config_path,result_path,template_path,primary_checkpoint,runstamp,queue_label
future_year,CMIP6_AWI,T0000_EP0000,0.0,0.0,/home/exouser/StormSurge/configs/CMIP6_CBBT_QuickCheck_0929/future_year/train_config_CMIP6_AWI_CBBT_future_year_G0_T0000_EP0000.sh,/home/exouser/media/share/PACT/FormalRuns_0925/CMIP6_CBBT_QuickCheck_0929/future_year/CMIP6_AWI_CBBT_future_year_G0_T0000_EP0000__20261003_051753,/home/exouser/StormSurge/configs/single_tail_episodepeak_4x4/train_config_NCEP_CBBT_G0_T0000_EP0000.sh,overall,20261003_051753,Q0929_CBBT_F_AWI_T0000_EP0000_20261003_051753
future_year,CMIP6_AWI,T0500_EP0000,0.05,0.0,/home/exouser/StormSurge/configs/CMIP6_CBBT_QuickCheck_0929/future_year/train_config_CMIP6_AWI_CBBT_future_year_G0_T0500_EP0000.sh,/home/exouser/media/share/PACT/FormalRuns_0925/CMIP6_CBBT_QuickCheck_0929/future_year/CMIP6_AWI_CBBT_future_year_G0_T0500_EP0000__20261003_051753,/home/exouser/StormSurge/configs/single_tail_episodepeak_4x4/train_config_NCEP_CBBT_G0_T0500_EP0000.sh,overall,20261003_051753,Q0929_CBBT_F_AWI_T0500_EP0000_20261003_051753
future_year,CMIP6_AWI,T0000_EP0100,0.0,0.01,/home/exouser/StormSurge/configs/CMIP6_CBBT_QuickCheck_0929/future_year/train_config_CMIP6_AWI_CBBT_future_year_G0_T0000_EP0100.sh,/home/exouser/media/share/PACT/FormalRuns_0925/CMIP6_CBBT_QuickCheck_0929/future_year/CMIP6_AWI_CBBT_future_year_G0_T0000_EP0100__20261003_051753,/home/exouser/StormSurge/configs/single_tail_episodepeak_4x4/train_config_NCEP_CBBT_G0_T0000_EP0100.sh,overall,20261003_051753,Q0929_CBBT_F_AWI_T0000_EP0100_20261003_051753
future_year,CMIP6_AWI,T0500_EP0100,0.05,0.01,/home/exouser/StormSurge/configs/CMIP6_CBBT_QuickCheck_0929/future_year/train_config_CMIP6_AWI_CBBT_future_year_G0_T0500_EP0100.sh,/home/exouser/media/share/PACT/FormalRuns_0925/CMIP6_CBBT_QuickCheck_0929/future_year/CMIP6_AWI_CBBT_future_year_G0_T0500_EP0100__20261003_051753,/home/exouser/StormSurge/configs/single_tail_episodepeak_4x4/train_config_NCEP_CBBT_G0_T0500_EP0100.sh,overall,20261003_051753,Q0929_CBBT_F_AWI_T0500_EP0100_20261003_051753
future_year,CMIP6_CNRM,T0000_EP0000,0.0,0.0,/home/exouser/StormSurge/configs/CMIP6_CBBT_QuickCheck_0929/future_year/train_config_CMIP6_CNRM_CBBT_future_year_G0_T0000_EP0000.sh,/home/exouser/media/share/PACT/FormalRuns_0925/CMIP6_CBBT_QuickCheck_0929/future_year/CMIP6_CNRM_CBBT_future_year_G0_T0000_EP0000__20261003_051753,/home/exouser/StormSurge/configs/single_tail_episodepeak_4x4/train_config_NCEP_CBBT_G0_T0000_EP0000.sh,overall,20261003_051753,Q0929_CBBT_F_CNRM_T0000_EP0000_20261003_051753
future_year,CMIP6_CNRM,T0500_EP0000,0.05,0.0,/home/exouser/StormSurge/configs/CMIP6_CBBT_QuickCheck_0929/future_year/train_config_CMIP6_CNRM_CBBT_future_year_G0_T0500_EP0000.sh,/home/exouser/media/share/PACT/FormalRuns_0925/CMIP6_CBBT_QuickCheck_0929/future_year/CMIP6_CNRM_CBBT_future_year_G0_T0500_EP0000__20261003_051753,/home/exouser/StormSurge/configs/single_tail_episodepeak_4x4/train_config_NCEP_CBBT_G0_T0500_EP0000.sh,overall,20261003_051753,Q0929_CBBT_F_CNRM_T0500_EP0000_20261003_051753
future_year,CMIP6_CNRM,T0000_EP0100,0.0,0.01,/home/exouser/StormSurge/configs/CMIP6_CBBT_QuickCheck_0929/future_year/train_config_CMIP6_CNRM_CBBT_future_year_G0_T0000_EP0100.sh,/home/exouser/media/share/PACT/FormalRuns_0925/CMIP6_CBBT_QuickCheck_0929/future_year/CMIP6_CNRM_CBBT_future_year_G0_T0000_EP0100__20261003_051753,/home/exouser/StormSurge/configs/single_tail_episodepeak_4x4/train_config_NCEP_CBBT_G0_T0000_EP0100.sh,overall,20261003_051753,Q0929_CBBT_F_CNRM_T0000_EP0100_20261003_051753
future_year,CMIP6_CNRM,T0500_EP0100,0.05,0.01,/home/exouser/StormSurge/configs/CMIP6_CBBT_QuickCheck_0929/future_year/train_config_CMIP6_CNRM_CBBT_future_year_G0_T0500_EP0100.sh,/home/exouser/media/share/PACT/FormalRuns_0925/CMIP6_CBBT_QuickCheck_0929/future_year/CMIP6_CNRM_CBBT_future_year_G0_T0500_EP0100__20261003_051753,/home/exouser/StormSurge/configs/single_tail_episodepeak_4x4/train_config_NCEP_CBBT_G0_T0500_EP0100.sh,overall,20261003_051753,Q0929_CBBT_F_CNRM_T0500_EP0100_20261003_051753
future_year,CMIP6_EC_EARTH,T0000_EP0000,0.0,0.0,/home/exouser/StormSurge/configs/CMIP6_CBBT_QuickCheck_0929/future_year/train_config_CMIP6_EC_EARTH_CBBT_future_year_G0_T0000_EP0000.sh,/home/exouser/media/share/PACT/FormalRuns_0925/CMIP6_CBBT_QuickCheck_0929/future_year/CMIP6_EC_EARTH_CBBT_future_year_G0_T0000_EP0000__20261003_051753,/home/exouser/StormSurge/configs/single_tail_episodepeak_4x4/train_config_NCEP_CBBT_G0_T0000_EP0000.sh,overall,20261003_051753,Q0929_CBBT_F_EC_EARTH_T0000_EP0000_20261003_051753
future_year,CMIP6_EC_EARTH,T0500_EP0000,0.05,0.0,/home/exouser/StormSurge/configs/CMIP6_CBBT_QuickCheck_0929/future_year/train_config_CMIP6_EC_EARTH_CBBT_future_year_G0_T0500_EP0000.sh,/home/exouser/media/share/PACT/FormalRuns_0925/CMIP6_CBBT_QuickCheck_0929/future_year/CMIP6_EC_EARTH_CBBT_future_year_G0_T0500_EP0000__20261003_051753,/home/exouser/StormSurge/configs/single_tail_episodepeak_4x4/train_config_NCEP_CBBT_G0_T0500_EP0000.sh,overall,20261003_051753,Q0929_CBBT_F_EC_EARTH_T0500_EP0000_20261003_051753
future_year,CMIP6_EC_EARTH,T0000_EP0100,0.0,0.01,/home/exouser/StormSurge/configs/CMIP6_CBBT_QuickCheck_0929/future_year/train_config_CMIP6_EC_EARTH_CBBT_future_year_G0_T0000_EP0100.sh,/home/exouser/media/share/PACT/FormalRuns_0925/CMIP6_CBBT_QuickCheck_0929/future_year/CMIP6_EC_EARTH_CBBT_future_year_G0_T0000_EP0100__20261003_051753,/home/exouser/StormSurge/configs/single_tail_episodepeak_4x4/train_config_NCEP_CBBT_G0_T0000_EP0100.sh,overall,20261003_051753,Q0929_CBBT_F_EC_EARTH_T0000_EP0100_20261003_051753
future_year,CMIP6_EC_EARTH,T0500_EP0100,0.05,0.01,/home/exouser/StormSurge/configs/CMIP6_CBBT_QuickCheck_0929/future_year/train_config_CMIP6_EC_EARTH_CBBT_future_year_G0_T0500_EP0100.sh,/home/exouser/media/share/PACT/FormalRuns_0925/CMIP6_CBBT_QuickCheck_0929/future_year/CMIP6_EC_EARTH_CBBT_future_year_G0_T0500_EP0100__20261003_051753,/home/exouser/StormSurge/configs/single_tail_episodepeak_4x4/train_config_NCEP_CBBT_G0_T0500_EP0100.sh,overall,20261003_051753,Q0929_CBBT_F_EC_EARTH_T0500_EP0100_20261003_051753
future_year,CMIP6_MPI,T0000_EP0000,0.0,0.0,/home/exouser/StormSurge/configs/CMIP6_CBBT_QuickCheck_0929/future_year/train_config_CMIP6_MPI_CBBT_future_year_G0_T0000_EP0000.sh,/home/exouser/media/share/PACT/FormalRuns_0925/CMIP6_CBBT_QuickCheck_0929/future_year/CMIP6_MPI_CBBT_future_year_G0_T0000_EP0000__20261003_051753,/home/exouser/StormSurge/configs/single_tail_episodepeak_4x4/train_config_NCEP_CBBT_G0_T0000_EP0000.sh,overall,20261003_051753,Q0929_CBBT_F_MPI_T0000_EP0000_20261003_051753
future_year,CMIP6_MPI,T0500_EP0000,0.05,0.0,/home/exouser/StormSurge/configs/CMIP6_CBBT_QuickCheck_0929/future_year/train_config_CMIP6_MPI_CBBT_future_year_G0_T0500_EP0000.sh,/home/exouser/media/share/PACT/FormalRuns_0925/CMIP6_CBBT_QuickCheck_0929/future_year/CMIP6_MPI_CBBT_future_year_G0_T0500_EP0000__20261003_051753,/home/exouser/StormSurge/configs/single_tail_episodepeak_4x4/train_config_NCEP_CBBT_G0_T0500_EP0000.sh,overall,20261003_051753,Q0929_CBBT_F_MPI_T0500_EP0000_20261003_051753
future_year,CMIP6_MPI,T0000_EP0100,0.0,0.01,/home/exouser/StormSurge/configs/CMIP6_CBBT_QuickCheck_0929/future_year/train_config_CMIP6_MPI_CBBT_future_year_G0_T0000_EP0100.sh,/home/exouser/media/share/PACT/FormalRuns_0925/CMIP6_CBBT_QuickCheck_0929/future_year/CMIP6_MPI_CBBT_future_year_G0_T0000_EP0100__20261003_051753,/home/exouser/StormSurge/configs/single_tail_episodepeak_4x4/train_config_NCEP_CBBT_G0_T0000_EP0100.sh,overall,20261003_051753,Q0929_CBBT_F_MPI_T0000_EP0100_20261003_051753
future_year,CMIP6_MPI,T0500_EP0100,0.05,0.01,/home/exouser/StormSurge/configs/CMIP6_CBBT_QuickCheck_0929/future_year/train_config_CMIP6_MPI_CBBT_future_year_G0_T0500_EP0100.sh,/home/exouser/media/share/PACT/FormalRuns_0925/CMIP6_CBBT_QuickCheck_0929/future_year/CMIP6_MPI_CBBT_future_year_G0_T0500_EP0100__20261003_051753,/home/exouser/StormSurge/configs/single_tail_episodepeak_4x4/train_config_NCEP_CBBT_G0_T0500_EP0100.sh,overall,20261003_051753,Q0929_CBBT_F_MPI_T0500_EP0100_20261003_051753
future_year,CMIP6_MRI,T0000_EP0000,0.0,0.0,/home/exouser/StormSurge/configs/CMIP6_CBBT_QuickCheck_0929/future_year/train_config_CMIP6_MRI_CBBT_future_year_G0_T0000_EP0000.sh,/home/exouser/media/share/PACT/FormalRuns_0925/CMIP6_CBBT_QuickCheck_0929/future_year/CMIP6_MRI_CBBT_future_year_G0_T0000_EP0000__20261003_051753,/home/exouser/StormSurge/configs/single_tail_episodepeak_4x4/train_config_NCEP_CBBT_G0_T0000_EP0000.sh,overall,20261003_051753,Q0929_CBBT_F_MRI_T0000_EP0000_20261003_051753
future_year,CMIP6_MRI,T0500_EP0000,0.05,0.0,/home/exouser/StormSurge/configs/CMIP6_CBBT_QuickCheck_0929/future_year/train_config_CMIP6_MRI_CBBT_future_year_G0_T0500_EP0000.sh,/home/exouser/media/share/PACT/FormalRuns_0925/CMIP6_CBBT_QuickCheck_0929/future_year/CMIP6_MRI_CBBT_future_year_G0_T0500_EP0000__20261003_051753,/home/exouser/StormSurge/configs/single_tail_episodepeak_4x4/train_config_NCEP_CBBT_G0_T0500_EP0000.sh,overall,20261003_051753,Q0929_CBBT_F_MRI_T0500_EP0000_20261003_051753
future_year,CMIP6_MRI,T0000_EP0100,0.0,0.01,/home/exouser/StormSurge/configs/CMIP6_CBBT_QuickCheck_0929/future_year/train_config_CMIP6_MRI_CBBT_future_year_G0_T0000_EP0100.sh,/home/exouser/media/share/PACT/FormalRuns_0925/CMIP6_CBBT_QuickCheck_0929/future_year/CMIP6_MRI_CBBT_future_year_G0_T0000_EP0100__20261003_051753,/home/exouser/StormSurge/configs/single_tail_episodepeak_4x4/train_config_NCEP_CBBT_G0_T0000_EP0100.sh,overall,20261003_051753,Q0929_CBBT_F_MRI_T0000_EP0100_20261003_051753
future_year,CMIP6_MRI,T0500_EP0100,0.05,0.01,/home/exouser/StormSurge/configs/CMIP6_CBBT_QuickCheck_0929/future_year/train_config_CMIP6_MRI_CBBT_future_year_G0_T0500_EP0100.sh,/home/exouser/media/share/PACT/FormalRuns_0925/CMIP6_CBBT_QuickCheck_0929/future_year/CMIP6_MRI_CBBT_future_year_G0_T0500_EP0100__20261003_051753,/home/exouser/StormSurge/configs/single_tail_episodepeak_4x4/train_config_NCEP_CBBT_G0_T0500_EP0100.sh,overall,20261003_051753,Q0929_CBBT_F_MRI_T0500_EP0100_20261003_051753
